filename,baseline_sec,action1,action2,action2_sec,pair_sec,speedup_vs_action2,pipeline
yarpgen_seed_25_-O2.ll,0.001850824,globalopt,annotation2metadata,0.001809211,0.001768588,0.022453619,"module(globalopt,annotation2metadata)"
yarpgen_seed_25_-O2.ll,0.001850824,module-inline,annotation2metadata,0.001809211,0.001779140,0.016621219,"module(module-inline,annotation2metadata)"
yarpgen_seed_25_-O2.ll,0.001850824,openmp-opt,annotation2metadata,0.001809211,0.001780623,0.015801372,"module(openmp-opt,annotation2metadata)"
yarpgen_seed_25_-O2.ll,0.001850824,recompute-globalsaa,annotation2metadata,0.001809211,0.001771864,0.020643118,"module(recompute-globalsaa,annotation2metadata)"
yarpgen_seed_25_-O2.ll,0.001850824,function(float2int),annotation2metadata,0.001809211,0.001744016,0.036035321,"module(function(float2int),annotation2metadata)"
yarpgen_seed_25_-O2.ll,0.001850824,function(infer-address-spaces),annotation2metadata,0.001809211,0.001779784,0.016265425,"module(function(infer-address-spaces),annotation2metadata)"
yarpgen_seed_25_-O2.ll,0.001850824,function(infer-alignment),annotation2metadata,0.001809211,0.001786568,0.012515519,"module(function(infer-alignment),annotation2metadata)"
yarpgen_seed_25_-O2.ll,0.001850824,function(instnamer),annotation2metadata,0.001809211,0.001786562,0.012518913,"module(function(instnamer),annotation2metadata)"
yarpgen_seed_25_-O2.ll,0.001850824,function(jump-table-to-switch),annotation2metadata,0.001809211,0.001755105,0.029906033,"module(function(jump-table-to-switch),annotation2metadata)"
yarpgen_seed_25_-O2.ll,0.001850824,function(kcfi),annotation2metadata,0.001809211,0.001762112,0.026033276,"module(function(kcfi),annotation2metadata)"
yarpgen_seed_25_-O2.ll,0.001850824,function(early-cse),annotation2metadata,0.001809211,0.001637660,0.094821278,"module(function(early-cse),annotation2metadata)"
yarpgen_seed_25_-O2.ll,0.001850824,function(loop-unroll),annotation2metadata,0.001809211,0.001758389,0.028091105,"module(function(loop-unroll),annotation2metadata)"
yarpgen_seed_25_-O2.ll,0.001850824,function(sroa),annotation2metadata,0.001809211,0.001750629,0.032380001,"module(function(sroa),annotation2metadata)"
yarpgen_seed_25_-O2.ll,0.001850824,function(structurizecfg),annotation2metadata,0.001809211,0.001729611,0.043997165,"module(function(structurizecfg),annotation2metadata)"
yarpgen_seed_25_-O2.ll,0.001850824,function(win-eh-prepare),annotation2metadata,0.001809211,0.001777084,0.017757562,"module(function(win-eh-prepare),annotation2metadata)"
yarpgen_seed_25_-O2.ll,0.001850824,function(bounds-checking),annotation2metadata,0.001809211,0.001717181,0.050867610,"module(function(bounds-checking),annotation2metadata)"
yarpgen_seed_25_-O2.ll,0.001850824,function(expand-fp),annotation2metadata,0.001809211,0.001782991,0.014492678,"module(function(expand-fp),annotation2metadata)"
yarpgen_seed_25_-O2.ll,0.001850824,function(loop(canon-freeze)),annotation2metadata,0.001809211,0.001788838,0.011260772,"module(function(loop(canon-freeze)),annotation2metadata)"
yarpgen_seed_25_-O2.ll,0.001850824,function(loop(loop-deletion)),annotation2metadata,0.001809211,0.001788295,0.011561015,"module(function(loop(loop-deletion)),annotation2metadata)"
yarpgen_seed_25_-O2.ll,0.001850824,cgscc(argpromotion),called-value-propagation,0.001805621,0.001719837,0.047509369,"module(cgscc(argpromotion),called-value-propagation)"
yarpgen_seed_25_-O2.ll,0.001850824,cgscc(function-attrs),called-value-propagation,0.001805621,0.001745564,0.033260948,"module(cgscc(function-attrs),called-value-propagation)"
yarpgen_seed_25_-O2.ll,0.001850824,function(add-discriminators),called-value-propagation,0.001805621,0.001767446,0.021141981,"module(function(add-discriminators),called-value-propagation)"
yarpgen_seed_25_-O2.ll,0.001850824,function(aggressive-instcombine),called-value-propagation,0.001805621,0.001776237,0.016273522,"module(function(aggressive-instcombine),called-value-propagation)"
yarpgen_seed_25_-O2.ll,0.001850824,function(annotation-remarks),called-value-propagation,0.001805621,0.001770092,0.019677066,"module(function(annotation-remarks),called-value-propagation)"
yarpgen_seed_25_-O2.ll,0.001850824,function(assume-builder),called-value-propagation,0.001805621,0.001778494,0.015023612,"module(function(assume-builder),called-value-propagation)"
yarpgen_seed_25_-O2.ll,0.001850824,function(div-rem-pairs),called-value-propagation,0.001805621,0.001776815,0.015953547,"module(function(div-rem-pairs),called-value-propagation)"
yarpgen_seed_25_-O2.ll,0.001850824,function(infer-address-spaces),called-value-propagation,0.001805621,0.001749459,0.031103821,"module(function(infer-address-spaces),called-value-propagation)"
yarpgen_seed_25_-O2.ll,0.001850824,function(inject-tli-mappings),called-value-propagation,0.001805621,0.001770257,0.019585631,"module(function(inject-tli-mappings),called-value-propagation)"
yarpgen_seed_25_-O2.ll,0.001850824,function(instnamer),called-value-propagation,0.001805621,0.001715717,0.049791149,"module(function(instnamer),called-value-propagation)"
yarpgen_seed_25_-O2.ll,0.001850824,function(interleaved-access),called-value-propagation,0.001805621,0.001757479,0.026661967,"module(function(interleaved-access),called-value-propagation)"
yarpgen_seed_25_-O2.ll,0.001850824,function(scalarize-masked-mem-intrin),called-value-propagation,0.001805621,0.001764776,0.022621057,"module(function(scalarize-masked-mem-intrin),called-value-propagation)"
yarpgen_seed_25_-O2.ll,0.001850824,function(sccp),called-value-propagation,0.001805621,0.001734646,0.039307973,"module(function(sccp),called-value-propagation)"
yarpgen_seed_25_-O2.ll,0.001850824,function(tailcallelim),called-value-propagation,0.001805621,0.001784740,0.011564148,"module(function(tailcallelim),called-value-propagation)"
yarpgen_seed_25_-O2.ll,0.001850824,function(scalarizer),called-value-propagation,0.001805621,0.001766612,0.021604405,"module(function(scalarizer),called-value-propagation)"
yarpgen_seed_25_-O2.ll,0.001850824,function(speculative-execution),called-value-propagation,0.001805621,0.001756919,0.026972377,"module(function(speculative-execution),called-value-propagation)"
yarpgen_seed_25_-O2.ll,0.001850824,function(sroa),called-value-propagation,0.001805621,0.001593342,0.117565401,"module(function(sroa),called-value-propagation)"
yarpgen_seed_25_-O2.ll,0.001850824,function(loop(loop-reduce)),called-value-propagation,0.001805621,0.001757468,0.026668436,"module(function(loop(loop-reduce)),called-value-propagation)"
yarpgen_seed_25_-O2.ll,0.001850824,function(loop(loop-versioning-licm)),called-value-propagation,0.001805621,0.001778306,0.015127434,"module(function(loop(loop-versioning-licm)),called-value-propagation)"
yarpgen_seed_25_-O2.ll,0.001850824,expand-variadics,constmerge,0.001787890,0.001719466,0.038270406,"module(expand-variadics,constmerge)"
yarpgen_seed_25_-O2.ll,0.001850824,forceattrs,constmerge,0.001787890,0.001724888,0.035237969,"module(forceattrs,constmerge)"
yarpgen_seed_25_-O2.ll,0.001850824,global-merge-func,constmerge,0.001787890,0.001743678,0.024728176,"module(global-merge-func,constmerge)"
yarpgen_seed_25_-O2.ll,0.001850824,globalopt,constmerge,0.001787890,0.001752045,0.020048724,"module(globalopt,constmerge)"
yarpgen_seed_25_-O2.ll,0.001850824,globalsplit,constmerge,0.001787890,0.001747306,0.022699002,"module(globalsplit,constmerge)"
yarpgen_seed_25_-O2.ll,0.001850824,inferattrs,constmerge,0.001787890,0.001744044,0.024523484,"module(inferattrs,constmerge)"
yarpgen_seed_25_-O2.ll,0.001850824,inliner-wrapper,constmerge,0.001787890,0.001763920,0.013406514,"module(inliner-wrapper,constmerge)"
yarpgen_seed_25_-O2.ll,0.001850824,name-anon-globals,constmerge,0.001787890,0.001745296,0.023823284,"module(name-anon-globals,constmerge)"
yarpgen_seed_25_-O2.ll,0.001850824,scc-oz-module-inliner,constmerge,0.001787890,0.001762502,0.014199476,"module(scc-oz-module-inliner,constmerge)"
yarpgen_seed_25_-O2.ll,0.001850824,function(lower-constant-intrinsics),constmerge,0.001787890,0.001757835,0.016809970,"module(function(lower-constant-intrinsics),constmerge)"
yarpgen_seed_25_-O2.ll,0.001850824,function(mergeicmps),constmerge,0.001787890,0.001765234,0.012671750,"module(function(mergeicmps),constmerge)"
yarpgen_seed_25_-O2.ll,0.001850824,function(early-cse),constmerge,0.001787890,0.001763079,0.013877189,"module(function(early-cse),constmerge)"
yarpgen_seed_25_-O2.ll,0.001850824,inliner-wrapper-no-mandatory-first,coro-cleanup,0.001813394,0.001791037,0.012328484,"module(inliner-wrapper-no-mandatory-first,coro-cleanup)"
yarpgen_seed_25_-O2.ll,0.001850824,module-inline,coro-cleanup,0.001813394,0.001779758,0.018548539,"module(module-inline,coro-cleanup)"
yarpgen_seed_25_-O2.ll,0.001850824,function(instnamer),coro-cleanup,0.001813394,0.001787552,0.014250618,"module(function(instnamer),coro-cleanup)"
yarpgen_seed_25_-O2.ll,0.001850824,function(lcssa),coro-cleanup,0.001813394,0.001788213,0.013886077,"module(function(lcssa),coro-cleanup)"
yarpgen_seed_25_-O2.ll,0.001850824,function(unify-loop-exits),coro-cleanup,0.001813394,0.001793306,0.011077384,"module(function(unify-loop-exits),coro-cleanup)"
yarpgen_seed_25_-O2.ll,0.001850824,function(wasm-eh-prepare),coro-cleanup,0.001813394,0.001789831,0.012993458,"module(function(wasm-eh-prepare),coro-cleanup)"
yarpgen_seed_25_-O2.ll,0.001850824,function(early-cse),coro-cleanup,0.001813394,0.001774551,0.021419912,"module(function(early-cse),coro-cleanup)"
yarpgen_seed_25_-O2.ll,0.001850824,function(gvn),coro-cleanup,0.001813394,0.001784930,0.015696394,"module(function(gvn),coro-cleanup)"
yarpgen_seed_25_-O2.ll,0.001850824,function(hardware-loops),coro-cleanup,0.001813394,0.001777423,0.019836262,"module(function(hardware-loops),coro-cleanup)"
yarpgen_seed_25_-O2.ll,0.001850824,coro-cleanup,ctx-prof-flatten,0.001829677,0.001747179,0.045088908,"module(coro-cleanup,ctx-prof-flatten)"
yarpgen_seed_25_-O2.ll,0.001850824,cross-dso-cfi,ctx-prof-flatten,0.001829677,0.001778897,0.027753404,"module(cross-dso-cfi,ctx-prof-flatten)"
yarpgen_seed_25_-O2.ll,0.001850824,elim-avail-extern,ctx-prof-flatten,0.001829677,0.001770100,0.032561459,"module(elim-avail-extern,ctx-prof-flatten)"
yarpgen_seed_25_-O2.ll,0.001850824,extract-blocks,ctx-prof-flatten,0.001829677,0.001800658,0.015860305,"module(extract-blocks,ctx-prof-flatten)"
yarpgen_seed_25_-O2.ll,0.001850824,mergefunc,ctx-prof-flatten,0.001829677,0.001805510,0.013208591,"module(mergefunc,ctx-prof-flatten)"
yarpgen_seed_25_-O2.ll,0.001850824,name-anon-globals,ctx-prof-flatten,0.001829677,0.001808437,0.011608462,"module(name-anon-globals,ctx-prof-flatten)"
yarpgen_seed_25_-O2.ll,0.001850824,openmp-opt,ctx-prof-flatten,0.001829677,0.001810593,0.010430087,"module(openmp-opt,ctx-prof-flatten)"
yarpgen_seed_25_-O2.ll,0.001850824,cgscc(openmp-opt-cgscc),ctx-prof-flatten,0.001829677,0.001797924,0.017354328,"module(cgscc(openmp-opt-cgscc),ctx-prof-flatten)"
yarpgen_seed_25_-O2.ll,0.001850824,cgscc(coro-annotation-elide),ctx-prof-flatten,0.001829677,0.001758140,0.039098265,"module(cgscc(coro-annotation-elide),ctx-prof-flatten)"
yarpgen_seed_25_-O2.ll,0.001850824,cgscc(coro-split),ctx-prof-flatten,0.001829677,0.001737571,0.050340366,"module(cgscc(coro-split),ctx-prof-flatten)"
yarpgen_seed_25_-O2.ll,0.001850824,cgscc(function-attrs),ctx-prof-flatten,0.001829677,0.001742776,0.047495429,"module(cgscc(function-attrs),ctx-prof-flatten)"
yarpgen_seed_25_-O2.ll,0.001850824,function(annotation-remarks),ctx-prof-flatten,0.001829677,0.001764850,0.035430786,"module(function(annotation-remarks),ctx-prof-flatten)"
yarpgen_seed_25_-O2.ll,0.001850824,function(complex-deinterleaving),ctx-prof-flatten,0.001829677,0.001805595,0.013162012,"module(function(complex-deinterleaving),ctx-prof-flatten)"
yarpgen_seed_25_-O2.ll,0.001850824,function(coro-elide),ctx-prof-flatten,0.001829677,0.001807189,0.012290752,"module(function(coro-elide),ctx-prof-flatten)"
yarpgen_seed_25_-O2.ll,0.001850824,function(correlated-propagation),ctx-prof-flatten,0.001829677,0.001746911,0.045235281,"module(function(correlated-propagation),ctx-prof-flatten)"
yarpgen_seed_25_-O2.ll,0.001850824,function(dce),ctx-prof-flatten,0.001829677,0.001758048,0.039148322,"module(function(dce),ctx-prof-flatten)"
yarpgen_seed_25_-O2.ll,0.001850824,function(extra-vector-passes),ctx-prof-flatten,0.001829677,0.001774301,0.030265594,"module(function(extra-vector-passes),ctx-prof-flatten)"
yarpgen_seed_25_-O2.ll,0.001850824,function(interleaved-access),ctx-prof-flatten,0.001829677,0.001782761,0.025641787,"module(function(interleaved-access),ctx-prof-flatten)"
yarpgen_seed_25_-O2.ll,0.001850824,function(irce),ctx-prof-flatten,0.001829677,0.001765584,0.035030029,"module(function(irce),ctx-prof-flatten)"
yarpgen_seed_25_-O2.ll,0.001850824,function(lower-expect),ctx-prof-flatten,0.001829677,0.001800628,0.015876864,"module(function(lower-expect),ctx-prof-flatten)"
yarpgen_seed_25_-O2.ll,0.001850824,function(lower-guard-intrinsic),ctx-prof-flatten,0.001829677,0.001751584,0.042681481,"module(function(lower-guard-intrinsic),ctx-prof-flatten)"
yarpgen_seed_25_-O2.ll,0.001850824,function(lower-invoke),ctx-prof-flatten,0.001829677,0.001677657,0.083085634,"module(function(lower-invoke),ctx-prof-flatten)"
yarpgen_seed_25_-O2.ll,0.001850824,function(mergereturn),ctx-prof-flatten,0.001829677,0.001785164,0.024328343,"module(function(mergereturn),ctx-prof-flatten)"
yarpgen_seed_25_-O2.ll,0.001850824,function(move-auto-init),ctx-prof-flatten,0.001829677,0.001743227,0.047248896,"module(function(move-auto-init),ctx-prof-flatten)"
yarpgen_seed_25_-O2.ll,0.001850824,function(nary-reassociate),ctx-prof-flatten,0.001829677,0.001789136,0.022157275,"module(function(nary-reassociate),ctx-prof-flatten)"
yarpgen_seed_25_-O2.ll,0.001850824,function(objc-arc-contract),ctx-prof-flatten,0.001829677,0.001806093,0.012889713,"module(function(objc-arc-contract),ctx-prof-flatten)"
yarpgen_seed_25_-O2.ll,0.001850824,function(transform-warning),ctx-prof-flatten,0.001829677,0.001766331,0.034621611,"module(function(transform-warning),ctx-prof-flatten)"
yarpgen_seed_25_-O2.ll,0.001850824,function(typepromotion),ctx-prof-flatten,0.001829677,0.001786793,0.023437850,"module(function(typepromotion),ctx-prof-flatten)"
yarpgen_seed_25_-O2.ll,0.001850824,function(unreachableblockelim),ctx-prof-flatten,0.001829677,0.001807620,0.012055241,"module(function(unreachableblockelim),ctx-prof-flatten)"
yarpgen_seed_25_-O2.ll,0.001850824,function(wasm-eh-prepare),ctx-prof-flatten,0.001829677,0.001806075,0.012899493,"module(function(wasm-eh-prepare),ctx-prof-flatten)"
yarpgen_seed_25_-O2.ll,0.001850824,function(early-cse),ctx-prof-flatten,0.001829677,0.001806498,0.012668372,"module(function(early-cse),ctx-prof-flatten)"
yarpgen_seed_25_-O2.ll,0.001850824,function(ee-instrument),ctx-prof-flatten,0.001829677,0.001804840,0.013574686,"module(function(ee-instrument),ctx-prof-flatten)"
yarpgen_seed_25_-O2.ll,0.001850824,function(instcombine),ctx-prof-flatten,0.001829677,0.001808492,0.011578385,"module(function(instcombine),ctx-prof-flatten)"
yarpgen_seed_25_-O2.ll,0.001850824,function(loop-unroll),ctx-prof-flatten,0.001829677,0.001799064,0.016731676,"module(function(loop-unroll),ctx-prof-flatten)"
yarpgen_seed_25_-O2.ll,0.001850824,function(loop-vectorize),ctx-prof-flatten,0.001829677,0.001791952,0.020618528,"module(function(loop-vectorize),ctx-prof-flatten)"
yarpgen_seed_25_-O2.ll,0.001850824,function(loop(guard-widening)),ctx-prof-flatten,0.001829677,0.001811143,0.010129505,"module(function(loop(guard-widening)),ctx-prof-flatten)"
yarpgen_seed_25_-O2.ll,0.001850824,function(loop(extra-simple-loop-unswitch-passes)),ctx-prof-flatten,0.001829677,0.001776031,0.029320134,"module(function(loop(extra-simple-loop-unswitch-passes)),ctx-prof-flatten)"
yarpgen_seed_25_-O2.ll,0.001850824,function(loop(loop-rotate)),ctx-prof-flatten,0.001829677,0.001797305,0.017692893,"module(function(loop(loop-rotate)),ctx-prof-flatten)"
yarpgen_seed_25_-O2.ll,0.001850824,declare-runtime-libcalls,deadargelim,0.001814507,0.001774120,0.022257896,"module(declare-runtime-libcalls,deadargelim)"
yarpgen_seed_25_-O2.ll,0.001850824,dxil-upgrade,deadargelim,0.001814507,0.001790727,0.013105506,"module(dxil-upgrade,deadargelim)"
yarpgen_seed_25_-O2.ll,0.001850824,hipstdpar-interpose-alloc,deadargelim,0.001814507,0.001780647,0.018660448,"module(hipstdpar-interpose-alloc,deadargelim)"
yarpgen_seed_25_-O2.ll,0.001850824,hotcoldsplit,deadargelim,0.001814507,0.001726556,0.048470623,"module(hotcoldsplit,deadargelim)"
yarpgen_seed_25_-O2.ll,0.001850824,lower-emutls,deadargelim,0.001814507,0.001751897,0.034505357,"module(lower-emutls,deadargelim)"
yarpgen_seed_25_-O2.ll,0.001850824,function(assume-simplify),deadargelim,0.001814507,0.001792382,0.012193316,"module(function(assume-simplify),deadargelim)"
yarpgen_seed_25_-O2.ll,0.001850824,function(hardware-loops),deadargelim,0.001814507,0.001783407,0.017139455,"module(function(hardware-loops),deadargelim)"
yarpgen_seed_25_-O2.ll,0.001850824,hipstdpar-interpose-alloc,declare-runtime-libcalls,0.001831394,0.001805234,0.014284502,"module(hipstdpar-interpose-alloc,declare-runtime-libcalls)"
yarpgen_seed_25_-O2.ll,0.001850824,hotcoldsplit,declare-runtime-libcalls,0.001831394,0.001789447,0.022904612,"module(hotcoldsplit,declare-runtime-libcalls)"
yarpgen_seed_25_-O2.ll,0.001850824,inferattrs,declare-runtime-libcalls,0.001831394,0.001790431,0.022367087,"module(inferattrs,declare-runtime-libcalls)"
yarpgen_seed_25_-O2.ll,0.001850824,lower-global-dtors,declare-runtime-libcalls,0.001831394,0.001745134,0.047100971,"module(lower-global-dtors,declare-runtime-libcalls)"
yarpgen_seed_25_-O2.ll,0.001850824,simplify-type-tests,declare-runtime-libcalls,0.001831394,0.001786481,0.024524083,"module(simplify-type-tests,declare-runtime-libcalls)"
yarpgen_seed_25_-O2.ll,0.001850824,lowertypetests,declare-runtime-libcalls,0.001831394,0.001782224,0.026848383,"module(lowertypetests,declare-runtime-libcalls)"
yarpgen_seed_25_-O2.ll,0.001850824,strip-dead-debug-info,declare-runtime-libcalls,0.001831394,0.001784908,0.025383303,"module(strip-dead-debug-info,declare-runtime-libcalls)"
yarpgen_seed_25_-O2.ll,0.001850824,strip-nonlinetable-debuginfo,declare-runtime-libcalls,0.001831394,0.001803006,0.015500954,"module(strip-nonlinetable-debuginfo,declare-runtime-libcalls)"
yarpgen_seed_25_-O2.ll,0.001850824,strip-dead-cg-profile,declare-runtime-libcalls,0.001831394,0.001781893,0.027029543,"module(strip-dead-cg-profile,declare-runtime-libcalls)"
yarpgen_seed_25_-O2.ll,0.001850824,cg-profile,declare-runtime-libcalls,0.001831394,0.001732000,0.054272275,"module(cg-profile,declare-runtime-libcalls)"
yarpgen_seed_25_-O2.ll,0.001850824,global-merge,declare-runtime-libcalls,0.001831394,0.001800169,0.017050155,"module(global-merge,declare-runtime-libcalls)"
yarpgen_seed_25_-O2.ll,0.001850824,globaldce,declare-runtime-libcalls,0.001831394,0.001803771,0.015083378,"module(globaldce,declare-runtime-libcalls)"
yarpgen_seed_25_-O2.ll,0.001850824,ipsccp,declare-runtime-libcalls,0.001831394,0.001790563,0.022295472,"module(ipsccp,declare-runtime-libcalls)"
yarpgen_seed_25_-O2.ll,0.001850824,function(interleaved-load-combine),declare-runtime-libcalls,0.001831394,0.001709429,0.066597252,"module(function(interleaved-load-combine),declare-runtime-libcalls)"
yarpgen_seed_25_-O2.ll,0.001850824,function(irce),declare-runtime-libcalls,0.001831394,0.001705191,0.068911185,"module(function(irce),declare-runtime-libcalls)"
yarpgen_seed_25_-O2.ll,0.001850824,function(jump-threading),declare-runtime-libcalls,0.001831394,0.001779661,0.028248101,"module(function(jump-threading),declare-runtime-libcalls)"
yarpgen_seed_25_-O2.ll,0.001850824,function(kcfi),declare-runtime-libcalls,0.001831394,0.001762212,0.037775733,"module(function(kcfi),declare-runtime-libcalls)"
yarpgen_seed_25_-O2.ll,0.001850824,function(loop-data-prefetch),declare-runtime-libcalls,0.001831394,0.001798852,0.017769335,"module(function(loop-data-prefetch),declare-runtime-libcalls)"
yarpgen_seed_25_-O2.ll,0.001850824,function(loop-distribute),declare-runtime-libcalls,0.001831394,0.001811913,0.010637230,"module(function(loop-distribute),declare-runtime-libcalls)"
yarpgen_seed_25_-O2.ll,0.001850824,function(loop-versioning),declare-runtime-libcalls,0.001831394,0.001793115,0.020901672,"module(function(loop-versioning),declare-runtime-libcalls)"
yarpgen_seed_25_-O2.ll,0.001850824,function(lower-switch),declare-runtime-libcalls,0.001831394,0.001769980,0.033534286,"module(function(lower-switch),declare-runtime-libcalls)"
yarpgen_seed_25_-O2.ll,0.001850824,function(lower-widenable-condition),declare-runtime-libcalls,0.001831394,0.001782706,0.026585642,"module(function(lower-widenable-condition),declare-runtime-libcalls)"
yarpgen_seed_25_-O2.ll,0.001850824,function(make-guards-explicit),declare-runtime-libcalls,0.001831394,0.001727530,0.056713503,"module(function(make-guards-explicit),declare-runtime-libcalls)"
yarpgen_seed_25_-O2.ll,0.001850824,function(mem2reg),declare-runtime-libcalls,0.001831394,0.001792402,0.021290875,"module(function(mem2reg),declare-runtime-libcalls)"
yarpgen_seed_25_-O2.ll,0.001850824,function(move-auto-init),declare-runtime-libcalls,0.001831394,0.001792632,0.021165485,"module(function(move-auto-init),declare-runtime-libcalls)"
yarpgen_seed_25_-O2.ll,0.001850824,function(reg2mem),declare-runtime-libcalls,0.001831394,0.001774254,0.031200536,"module(function(reg2mem),declare-runtime-libcalls)"
yarpgen_seed_25_-O2.ll,0.001850824,function(scalarize-masked-mem-intrin),declare-runtime-libcalls,0.001831394,0.001802126,0.015981426,"module(function(scalarize-masked-mem-intrin),declare-runtime-libcalls)"
yarpgen_seed_25_-O2.ll,0.001850824,function(sccp),declare-runtime-libcalls,0.001831394,0.001797200,0.018671346,"module(function(sccp),declare-runtime-libcalls)"
yarpgen_seed_25_-O2.ll,0.001850824,function(separate-const-offset-from-gep),declare-runtime-libcalls,0.001831394,0.001794412,0.020193328,"module(function(separate-const-offset-from-gep),declare-runtime-libcalls)"
yarpgen_seed_25_-O2.ll,0.001850824,function(stack-protector),declare-runtime-libcalls,0.001831394,0.001789373,0.022944909,"module(function(stack-protector),declare-runtime-libcalls)"
yarpgen_seed_25_-O2.ll,0.001850824,function(strip-gc-relocates),declare-runtime-libcalls,0.001831394,0.001799081,0.017644314,"module(function(strip-gc-relocates),declare-runtime-libcalls)"
yarpgen_seed_25_-O2.ll,0.001850824,function(cfguard),declare-runtime-libcalls,0.001831394,0.001812356,0.010395668,"module(function(cfguard),declare-runtime-libcalls)"
yarpgen_seed_25_-O2.ll,0.001850824,function(early-cse),declare-runtime-libcalls,0.001831394,0.001744889,0.047234672,"module(function(early-cse),declare-runtime-libcalls)"
yarpgen_seed_25_-O2.ll,0.001850824,function(ee-instrument),declare-runtime-libcalls,0.001831394,0.001798937,0.017723034,"module(function(ee-instrument),declare-runtime-libcalls)"
yarpgen_seed_25_-O2.ll,0.001850824,function(mldst-motion),declare-runtime-libcalls,0.001831394,0.001811684,0.010762285,"module(function(mldst-motion),declare-runtime-libcalls)"
yarpgen_seed_25_-O2.ll,0.001850824,function(loop(guard-widening)),declare-runtime-libcalls,0.001831394,0.001811390,0.010922992,"module(function(loop(guard-widening)),declare-runtime-libcalls)"
yarpgen_seed_25_-O2.ll,0.001850824,globalsplit,dxil-upgrade,0.001782317,0.001752019,0.016999382,"module(globalsplit,dxil-upgrade)"
yarpgen_seed_25_-O2.ll,0.001850824,jmc-instrumenter,dxil-upgrade,0.001782317,0.001707429,0.042017406,"module(jmc-instrumenter,dxil-upgrade)"
yarpgen_seed_25_-O2.ll,0.001850824,lower-emutls,dxil-upgrade,0.001782317,0.001754221,0.015763836,"module(lower-emutls,dxil-upgrade)"
yarpgen_seed_25_-O2.ll,0.001850824,cgscc(inline),dxil-upgrade,0.001782317,0.001748004,0.019251622,"module(cgscc(inline),dxil-upgrade)"
yarpgen_seed_25_-O2.ll,0.001850824,function(complex-deinterleaving),dxil-upgrade,0.001782317,0.001729330,0.029729131,"module(function(complex-deinterleaving),dxil-upgrade)"
yarpgen_seed_25_-O2.ll,0.001850824,function(instsimplify),dxil-upgrade,0.001782317,0.001761333,0.011773318,"module(function(instsimplify),dxil-upgrade)"
yarpgen_seed_25_-O2.ll,0.001850824,function(loop(loop-bound-split)),dxil-upgrade,0.001782317,0.001752891,0.016509860,"module(function(loop(loop-bound-split)),dxil-upgrade)"
yarpgen_seed_25_-O2.ll,0.001850824,function(loop(loop-predication)),dxil-upgrade,0.001782317,0.001756782,0.014326842,"module(function(loop(loop-predication)),dxil-upgrade)"
yarpgen_seed_25_-O2.ll,0.001850824,function(loop(loop-term-fold)),dxil-upgrade,0.001782317,0.001759223,0.012957256,"module(function(loop(loop-term-fold)),dxil-upgrade)"
yarpgen_seed_25_-O2.ll,0.001850824,function(loop(loop-simplifycfg)),dxil-upgrade,0.001782317,0.001756111,0.014703081,"module(function(loop(loop-simplifycfg)),dxil-upgrade)"
yarpgen_seed_25_-O2.ll,0.001850824,function(loop(loop-unroll-full)),dxil-upgrade,0.001782317,0.001749661,0.018322427,"module(function(loop(loop-unroll-full)),dxil-upgrade)"
yarpgen_seed_25_-O2.ll,0.001850824,function(loop(loop-versioning-licm)),dxil-upgrade,0.001782317,0.001759354,0.012883723,"module(function(loop(loop-versioning-licm)),dxil-upgrade)"
yarpgen_seed_25_-O2.ll,0.001850824,function(mergeicmps),elim-avail-extern,0.001778203,0.001711717,0.037389626,"module(function(mergeicmps),elim-avail-extern)"
yarpgen_seed_25_-O2.ll,0.001850824,function(slsr),elim-avail-extern,0.001778203,0.001735783,0.023855683,"module(function(slsr),elim-avail-extern)"
yarpgen_seed_25_-O2.ll,0.001850824,function(unreachableblockelim),elim-avail-extern,0.001778203,0.001756785,0.012044574,"module(function(unreachableblockelim),elim-avail-extern)"
yarpgen_seed_25_-O2.ll,0.001850824,function(infer-alignment),extract-blocks,0.001756262,0.001738154,0.010310733,"module(function(infer-alignment),extract-blocks)"
yarpgen_seed_25_-O2.ll,0.001850824,deadargelim,forceattrs,0.001814526,0.001794493,0.011040347,"module(deadargelim,forceattrs)"
yarpgen_seed_25_-O2.ll,0.001850824,inferattrs,forceattrs,0.001814526,0.001768074,0.025600088,"module(inferattrs,forceattrs)"
yarpgen_seed_25_-O2.ll,0.001850824,openmp-opt-postlink,forceattrs,0.001814526,0.001792485,0.012146708,"module(openmp-opt-postlink,forceattrs)"
yarpgen_seed_25_-O2.ll,0.001850824,partial-inliner,forceattrs,0.001814526,0.001751045,0.034984864,"module(partial-inliner,forceattrs)"
yarpgen_seed_25_-O2.ll,0.001850824,strip-dead-prototypes,forceattrs,0.001814526,0.001787908,0.014669220,"module(strip-dead-prototypes,forceattrs)"
yarpgen_seed_25_-O2.ll,0.001850824,global-merge,forceattrs,0.001814526,0.001747492,0.036942954,"module(global-merge,forceattrs)"
yarpgen_seed_25_-O2.ll,0.001850824,function(constraint-elimination),forceattrs,0.001814526,0.001795868,0.010282412,"module(function(constraint-elimination),forceattrs)"
yarpgen_seed_25_-O2.ll,0.001850824,function(expand-reductions),forceattrs,0.001814526,0.001778047,0.020103620,"module(function(expand-reductions),forceattrs)"
yarpgen_seed_25_-O2.ll,0.001850824,function(sroa),forceattrs,0.001814526,0.001783883,0.016887424,"module(function(sroa),forceattrs)"
yarpgen_seed_25_-O2.ll,0.001850824,ctx-prof-flatten,global-merge-func,0.001822454,0.001783845,0.021185380,"module(ctx-prof-flatten,global-merge-func)"
yarpgen_seed_25_-O2.ll,0.001850824,lower-global-dtors,global-merge-func,0.001822454,0.001777033,0.024923083,"module(lower-global-dtors,global-merge-func)"
yarpgen_seed_25_-O2.ll,0.001850824,partial-inliner,global-merge-func,0.001822454,0.001762776,0.032746165,"module(partial-inliner,global-merge-func)"
yarpgen_seed_25_-O2.ll,0.001850824,function(expand-reductions),global-merge-func,0.001822454,0.001776819,0.025040675,"module(function(expand-reductions),global-merge-func)"
yarpgen_seed_25_-O2.ll,0.001850824,function(fix-irreducible),global-merge-func,0.001822454,0.001777442,0.024698589,"module(function(fix-irreducible),global-merge-func)"
yarpgen_seed_25_-O2.ll,0.001850824,function(float2int),global-merge-func,0.001822454,0.001802183,0.011122911,"module(function(float2int),global-merge-func)"
yarpgen_seed_25_-O2.ll,0.001850824,function(loop(extra-simple-loop-unswitch-passes)),global-merge-func,0.001822454,0.001766279,0.030823637,"module(function(loop(extra-simple-loop-unswitch-passes)),global-merge-func)"
yarpgen_seed_25_-O2.ll,0.001850824,function(loop(indvars)),global-merge-func,0.001822454,0.001751100,0.039152844,"module(function(loop(indvars)),global-merge-func)"
yarpgen_seed_25_-O2.ll,0.001850824,function(loop(loop-bound-split)),global-merge-func,0.001822454,0.001757360,0.035717495,"module(function(loop(loop-bound-split)),global-merge-func)"
yarpgen_seed_25_-O2.ll,0.001850824,function(loop(loop-idiom)),global-merge-func,0.001822454,0.001781559,0.022439444,"module(function(loop(loop-idiom)),global-merge-func)"
yarpgen_seed_25_-O2.ll,0.001850824,function(loop(loop-term-fold)),global-merge-func,0.001822454,0.001765090,0.031476283,"module(function(loop(loop-term-fold)),global-merge-func)"
yarpgen_seed_25_-O2.ll,0.001850824,openmp-opt,globalopt,0.001799719,0.001746460,0.029593029,"module(openmp-opt,globalopt)"
yarpgen_seed_25_-O2.ll,0.001850824,function(adce),globalopt,0.001799719,0.001755940,0.024325483,"module(function(adce),globalopt)"
yarpgen_seed_25_-O2.ll,0.001850824,function(consthoist),globalopt,0.001799719,0.001775755,0.013315832,"module(function(consthoist),globalopt)"
yarpgen_seed_25_-O2.ll,0.001850824,function(gvn-hoist),globalopt,0.001799719,0.001777273,0.012472275,"module(function(gvn-hoist),globalopt)"
yarpgen_seed_25_-O2.ll,0.001850824,function(lower-invoke),globalopt,0.001799719,0.001737756,0.034429480,"module(function(lower-invoke),globalopt)"
yarpgen_seed_25_-O2.ll,0.001850824,function(lower-switch),globalopt,0.001799719,0.001712348,0.048547145,"module(function(lower-switch),globalopt)"
yarpgen_seed_25_-O2.ll,0.001850824,function(lower-widenable-condition),globalopt,0.001799719,0.001759784,0.022189878,"module(function(lower-widenable-condition),globalopt)"
yarpgen_seed_25_-O2.ll,0.001850824,function(sjlj-eh-prepare),globalopt,0.001799719,0.001766884,0.018244563,"module(function(sjlj-eh-prepare),globalopt)"
yarpgen_seed_25_-O2.ll,0.001850824,function(stack-protector),globalopt,0.001799719,0.001774383,0.014077766,"module(function(stack-protector),globalopt)"
yarpgen_seed_25_-O2.ll,0.001850824,function(unreachableblockelim),globalopt,0.001799719,0.001778965,0.011532294,"module(function(unreachableblockelim),globalopt)"
yarpgen_seed_25_-O2.ll,0.001850824,dxil-upgrade,metarenamer,0.001822138,0.001795560,0.014585957,"module(dxil-upgrade,metarenamer)"
yarpgen_seed_25_-O2.ll,0.001850824,globalopt,metarenamer,0.001822138,0.001719392,0.056387524,"module(globalopt,metarenamer)"
yarpgen_seed_25_-O2.ll,0.001850824,hipstdpar-interpose-alloc,metarenamer,0.001822138,0.001740991,0.044533635,"module(hipstdpar-interpose-alloc,metarenamer)"
yarpgen_seed_25_-O2.ll,0.001850824,lowertypetests,metarenamer,0.001822138,0.001785382,0.020171715,"module(lowertypetests,metarenamer)"
yarpgen_seed_25_-O2.ll,0.001850824,fatlto-cleanup,metarenamer,0.001822138,0.001786275,0.019681618,"module(fatlto-cleanup,metarenamer)"
yarpgen_seed_25_-O2.ll,0.001850824,mergefunc,metarenamer,0.001822138,0.001760462,0.033848007,"module(mergefunc,metarenamer)"
yarpgen_seed_25_-O2.ll,0.001850824,metarenamer,metarenamer,0.001822138,0.001783969,0.020947053,"module(metarenamer,metarenamer)"
yarpgen_seed_25_-O2.ll,0.001850824,module-inline,metarenamer,0.001822138,0.001773524,0.026679585,"module(module-inline,metarenamer)"
yarpgen_seed_25_-O2.ll,0.001850824,openmp-opt,metarenamer,0.001822138,0.001791043,0.017065114,"module(openmp-opt,metarenamer)"
yarpgen_seed_25_-O2.ll,0.001850824,cgscc(function-attrs),metarenamer,0.001822138,0.001772239,0.027384619,"module(cgscc(function-attrs),metarenamer)"
yarpgen_seed_25_-O2.ll,0.001850824,function(aggressive-instcombine),metarenamer,0.001822138,0.001762432,0.032766765,"module(function(aggressive-instcombine),metarenamer)"
yarpgen_seed_25_-O2.ll,0.001850824,function(complex-deinterleaving),metarenamer,0.001822138,0.001765345,0.031168282,"module(function(complex-deinterleaving),metarenamer)"
yarpgen_seed_25_-O2.ll,0.001850824,function(dce),metarenamer,0.001822138,0.001786287,0.019674973,"module(function(dce),metarenamer)"
yarpgen_seed_25_-O2.ll,0.001850824,function(dse),metarenamer,0.001822138,0.001771764,0.027645151,"module(function(dse),metarenamer)"
yarpgen_seed_25_-O2.ll,0.001850824,function(expand-large-div-rem),metarenamer,0.001822138,0.001803170,0.010409590,"module(function(expand-large-div-rem),metarenamer)"
yarpgen_seed_25_-O2.ll,0.001850824,function(interleaved-access),metarenamer,0.001822138,0.001775449,0.025623180,"module(function(interleaved-access),metarenamer)"
yarpgen_seed_25_-O2.ll,0.001850824,function(interleaved-load-combine),metarenamer,0.001822138,0.001790253,0.017498475,"module(function(interleaved-load-combine),metarenamer)"
yarpgen_seed_25_-O2.ll,0.001850824,function(irce),metarenamer,0.001822138,0.001800430,0.011912999,"module(function(irce),metarenamer)"
yarpgen_seed_25_-O2.ll,0.001850824,function(lcssa),metarenamer,0.001822138,0.001780900,0.022631441,"module(function(lcssa),metarenamer)"
yarpgen_seed_25_-O2.ll,0.001850824,function(loop-distribute),metarenamer,0.001822138,0.001796993,0.013799663,"module(function(loop-distribute),metarenamer)"
yarpgen_seed_25_-O2.ll,0.001850824,function(lower-atomic),metarenamer,0.001822138,0.001789121,0.018119910,"module(function(lower-atomic),metarenamer)"
yarpgen_seed_25_-O2.ll,0.001850824,function(lower-invoke),metarenamer,0.001822138,0.001793839,0.015530496,"module(function(lower-invoke),metarenamer)"
yarpgen_seed_25_-O2.ll,0.001850824,function(separate-const-offset-from-gep),metarenamer,0.001822138,0.001792303,0.016373610,"module(function(separate-const-offset-from-gep),metarenamer)"
yarpgen_seed_25_-O2.ll,0.001850824,function(sink),metarenamer,0.001822138,0.001759482,0.034385950,"module(function(sink),metarenamer)"
yarpgen_seed_25_-O2.ll,0.001850824,function(sjlj-eh-prepare),metarenamer,0.001822138,0.001784553,0.020626417,"module(function(sjlj-eh-prepare),metarenamer)"
yarpgen_seed_25_-O2.ll,0.001850824,function(tailcallelim),metarenamer,0.001822138,0.001767899,0.029766372,"module(function(tailcallelim),metarenamer)"
yarpgen_seed_25_-O2.ll,0.001850824,function(transform-warning),metarenamer,0.001822138,0.001794100,0.015387240,"module(function(transform-warning),metarenamer)"
yarpgen_seed_25_-O2.ll,0.001850824,function(typepromotion),metarenamer,0.001822138,0.001797890,0.013307257,"module(function(typepromotion),metarenamer)"
yarpgen_seed_25_-O2.ll,0.001850824,function(ee-instrument),metarenamer,0.001822138,0.001722219,0.054835871,"module(function(ee-instrument),metarenamer)"
yarpgen_seed_25_-O2.ll,0.001850824,function(hardware-loops),metarenamer,0.001822138,0.001765299,0.031193611,"module(function(hardware-loops),metarenamer)"
yarpgen_seed_25_-O2.ll,0.001850824,function(sroa),metarenamer,0.001822138,0.001803158,0.010416218,"module(function(sroa),metarenamer)"
yarpgen_seed_25_-O2.ll,0.001850824,function(loop(extra-simple-loop-unswitch-passes)),metarenamer,0.001822138,0.001770546,0.028313993,"module(function(loop(extra-simple-loop-unswitch-passes)),metarenamer)"
yarpgen_seed_25_-O2.ll,0.001850824,function(loop(loop-simplifycfg)),metarenamer,0.001822138,0.001792739,0.016133964,"module(function(loop(loop-simplifycfg)),metarenamer)"
yarpgen_seed_25_-O2.ll,0.001850824,canonicalize-aliases,ipsccp,0.001774945,0.001718608,0.031739939,"module(canonicalize-aliases,ipsccp)"
yarpgen_seed_25_-O2.ll,0.001850824,function(wasm-eh-prepare),ipsccp,0.001774945,0.001750186,0.013948923,"module(function(wasm-eh-prepare),ipsccp)"
yarpgen_seed_25_-O2.ll,0.001850824,function(loop-unroll),ipsccp,0.001774945,0.001736184,0.021837735,"module(function(loop-unroll),ipsccp)"
yarpgen_seed_25_-O2.ll,0.001850824,function(loop-vectorize),ipsccp,0.001774945,0.001743685,0.017611712,"module(function(loop-vectorize),ipsccp)"
yarpgen_seed_25_-O2.ll,0.001850824,function(lower-allow-check),ipsccp,0.001774945,0.001756194,0.010563771,"module(function(lower-allow-check),ipsccp)"
yarpgen_seed_25_-O2.ll,0.001850824,function(lower-matrix-intrinsics),ipsccp,0.001774945,0.001731129,0.024685780,"module(function(lower-matrix-intrinsics),ipsccp)"
yarpgen_seed_25_-O2.ll,0.001850824,function(mldst-motion),ipsccp,0.001774945,0.001741203,0.019009939,"module(function(mldst-motion),ipsccp)"
yarpgen_seed_25_-O2.ll,0.001850824,function(scalarizer),ipsccp,0.001774945,0.001731929,0.024234921,"module(function(scalarizer),ipsccp)"
yarpgen_seed_25_-O2.ll,0.001850824,function(simplifycfg),ipsccp,0.001774945,0.001741442,0.018875122,"module(function(simplifycfg),ipsccp)"
yarpgen_seed_25_-O2.ll,0.001850824,cross-dso-cfi,loop-extract,0.001807348,0.001779231,0.015556748,"module(cross-dso-cfi,loop-extract)"
yarpgen_seed_25_-O2.ll,0.001850824,forceattrs,loop-extract,0.001807348,0.001785241,0.012231711,"module(forceattrs,loop-extract)"
yarpgen_seed_25_-O2.ll,0.001850824,globalsplit,loop-extract,0.001807348,0.001737960,0.038392066,"module(globalsplit,loop-extract)"
yarpgen_seed_25_-O2.ll,0.001850824,hipstdpar-interpose-alloc,loop-extract,0.001807348,0.001729284,0.043192533,"module(hipstdpar-interpose-alloc,loop-extract)"
yarpgen_seed_25_-O2.ll,0.001850824,hotcoldsplit,loop-extract,0.001807348,0.001755237,0.028832594,"module(hotcoldsplit,loop-extract)"
yarpgen_seed_25_-O2.ll,0.001850824,inliner-wrapper,loop-extract,0.001807348,0.001788969,0.010169163,"module(inliner-wrapper,loop-extract)"
yarpgen_seed_25_-O2.ll,0.001850824,lower-global-dtors,loop-extract,0.001807348,0.001760588,0.025872174,"module(lower-global-dtors,loop-extract)"
yarpgen_seed_25_-O2.ll,0.001850824,lower-ifunc,loop-extract,0.001807348,0.001786570,0.011496359,"module(lower-ifunc,loop-extract)"
yarpgen_seed_25_-O2.ll,0.001850824,cgscc(argpromotion),loop-extract,0.001807348,0.001783271,0.013321836,"module(cgscc(argpromotion),loop-extract)"
yarpgen_seed_25_-O2.ll,0.001850824,cgscc(attributor-light-cgscc),loop-extract,0.001807348,0.001788090,0.010654995,"module(cgscc(attributor-light-cgscc),loop-extract)"
yarpgen_seed_25_-O2.ll,0.001850824,cgscc(function-attrs),loop-extract,0.001807348,0.001783948,0.012947222,"module(cgscc(function-attrs),loop-extract)"
yarpgen_seed_25_-O2.ll,0.001850824,cgscc(inline),loop-extract,0.001807348,0.001787283,0.011101951,"module(cgscc(inline),loop-extract)"
yarpgen_seed_25_-O2.ll,0.001850824,function(alignment-from-assumptions),loop-extract,0.001807348,0.001747281,0.033235033,"module(function(alignment-from-assumptions),loop-extract)"
yarpgen_seed_25_-O2.ll,0.001850824,function(annotation-remarks),loop-extract,0.001807348,0.001781151,0.014494395,"module(function(annotation-remarks),loop-extract)"
yarpgen_seed_25_-O2.ll,0.001850824,function(assume-builder),loop-extract,0.001807348,0.001714756,0.051230806,"module(function(assume-builder),loop-extract)"
yarpgen_seed_25_-O2.ll,0.001850824,function(assume-simplify),loop-extract,0.001807348,0.001743355,0.035406969,"module(function(assume-simplify),loop-extract)"
yarpgen_seed_25_-O2.ll,0.001850824,function(callbr-prepare),loop-extract,0.001807348,0.001774394,0.018233177,"module(function(callbr-prepare),loop-extract)"
yarpgen_seed_25_-O2.ll,0.001850824,function(lower-widenable-condition),loop-extract,0.001807348,0.001783423,0.013237390,"module(function(lower-widenable-condition),loop-extract)"
yarpgen_seed_25_-O2.ll,0.001850824,function(make-guards-explicit),loop-extract,0.001807348,0.001773507,0.018724083,"module(function(make-guards-explicit),loop-extract)"
yarpgen_seed_25_-O2.ll,0.001850824,function(mem2reg),loop-extract,0.001807348,0.001774186,0.018348102,"module(function(mem2reg),loop-extract)"
yarpgen_seed_25_-O2.ll,0.001850824,function(partially-inline-libcalls),loop-extract,0.001807348,0.001780762,0.014709794,"module(function(partially-inline-libcalls),loop-extract)"
yarpgen_seed_25_-O2.ll,0.001850824,function(reg2mem),loop-extract,0.001807348,0.001770816,0.020212769,"module(function(reg2mem),loop-extract)"
yarpgen_seed_25_-O2.ll,0.001850824,function(scalarize-masked-mem-intrin),loop-extract,0.001807348,0.001755161,0.028875047,"module(function(scalarize-masked-mem-intrin),loop-extract)"
yarpgen_seed_25_-O2.ll,0.001850824,function(tailcallelim),loop-extract,0.001807348,0.001770384,0.020451761,"module(function(tailcallelim),loop-extract)"
yarpgen_seed_25_-O2.ll,0.001850824,function(mldst-motion),loop-extract,0.001807348,0.001745802,0.034052992,"module(function(mldst-motion),loop-extract)"
yarpgen_seed_25_-O2.ll,0.001850824,function(speculative-execution),loop-extract,0.001807348,0.001759160,0.026661899,"module(function(speculative-execution),loop-extract)"
yarpgen_seed_25_-O2.ll,0.001850824,pre-isel-intrinsic-lowering,cgscc(argpromotion),0.001807225,0.001782354,0.013761869,"module(pre-isel-intrinsic-lowering,cgscc(argpromotion))"
yarpgen_seed_25_-O2.ll,0.001850824,rewrite-statepoints-for-gc,cgscc(argpromotion),0.001807225,0.001778760,0.015750749,"module(rewrite-statepoints-for-gc,cgscc(argpromotion))"
yarpgen_seed_25_-O2.ll,0.001850824,function(expand-memcmp),cgscc(argpromotion),0.001807225,0.001771360,0.019844903,"module(function(expand-memcmp),cgscc(argpromotion))"
yarpgen_seed_25_-O2.ll,0.001850824,function(guard-widening),cgscc(argpromotion),0.001807225,0.001760881,0.025643744,"module(function(guard-widening),cgscc(argpromotion))"
yarpgen_seed_25_-O2.ll,0.001850824,function(gvn-hoist),cgscc(argpromotion),0.001807225,0.001767033,0.022239491,"module(function(gvn-hoist),cgscc(argpromotion))"
yarpgen_seed_25_-O2.ll,0.001850824,function(infer-address-spaces),cgscc(argpromotion),0.001807225,0.001778149,0.016088843,"module(function(infer-address-spaces),cgscc(argpromotion))"
yarpgen_seed_25_-O2.ll,0.001850824,function(infer-alignment),cgscc(argpromotion),0.001807225,0.001742579,0.035770623,"module(function(infer-alignment),cgscc(argpromotion))"
yarpgen_seed_25_-O2.ll,0.001850824,function(inject-tli-mappings),cgscc(argpromotion),0.001807225,0.001759871,0.026202362,"module(function(inject-tli-mappings),cgscc(argpromotion))"
yarpgen_seed_25_-O2.ll,0.001850824,function(lower-atomic),cgscc(argpromotion),0.001807225,0.001778959,0.015640486,"module(function(lower-atomic),cgscc(argpromotion))"
yarpgen_seed_25_-O2.ll,0.001850824,function(tailcallelim),cgscc(argpromotion),0.001807225,0.001775490,0.017559634,"module(function(tailcallelim),cgscc(argpromotion))"
yarpgen_seed_25_-O2.ll,0.001850824,function(transform-warning),cgscc(argpromotion),0.001807225,0.001736219,0.039289829,"module(function(transform-warning),cgscc(argpromotion))"
yarpgen_seed_25_-O2.ll,0.001850824,function(typepromotion),cgscc(argpromotion),0.001807225,0.001704912,0.056613318,"module(function(typepromotion),cgscc(argpromotion))"
yarpgen_seed_25_-O2.ll,0.001850824,hipstdpar-interpose-alloc,cgscc(openmp-opt-cgscc),0.001776518,0.001731812,0.025164738,"module(hipstdpar-interpose-alloc,cgscc(openmp-opt-cgscc))"
yarpgen_seed_25_-O2.ll,0.001850824,function(scalarize-masked-mem-intrin),cgscc(openmp-opt-cgscc),0.001776518,0.001707710,0.038732016,"module(function(scalarize-masked-mem-intrin),cgscc(openmp-opt-cgscc))"
yarpgen_seed_25_-O2.ll,0.001850824,annotation2metadata,cgscc(coro-annotation-elide),0.001799083,0.001759214,0.022160676,"module(annotation2metadata,cgscc(coro-annotation-elide))"
yarpgen_seed_25_-O2.ll,0.001850824,global-merge,cgscc(coro-annotation-elide),0.001799083,0.001766271,0.018237915,"module(global-merge,cgscc(coro-annotation-elide))"
yarpgen_seed_25_-O2.ll,0.001850824,globaldce,cgscc(coro-annotation-elide),0.001799083,0.001726162,0.040531984,"module(globaldce,cgscc(coro-annotation-elide))"
yarpgen_seed_25_-O2.ll,0.001850824,function(loop-load-elim),cgscc(coro-annotation-elide),0.001799083,0.001736956,0.034532411,"module(function(loop-load-elim),cgscc(coro-annotation-elide))"
yarpgen_seed_25_-O2.ll,0.001850824,function(lower-expect),cgscc(coro-annotation-elide),0.001799083,0.001760129,0.021652132,"module(function(lower-expect),cgscc(coro-annotation-elide))"
yarpgen_seed_25_-O2.ll,0.001850824,function(lower-invoke),cgscc(coro-annotation-elide),0.001799083,0.001728309,0.039338535,"module(function(lower-invoke),cgscc(coro-annotation-elide))"
yarpgen_seed_25_-O2.ll,0.001850824,function(move-auto-init),cgscc(coro-annotation-elide),0.001799083,0.001761001,0.021167316,"module(function(move-auto-init),cgscc(coro-annotation-elide))"
yarpgen_seed_25_-O2.ll,0.001850824,function(nary-reassociate),cgscc(coro-annotation-elide),0.001799083,0.001779187,0.011058594,"module(function(nary-reassociate),cgscc(coro-annotation-elide))"
yarpgen_seed_25_-O2.ll,0.001850824,function(newgvn),cgscc(coro-annotation-elide),0.001799083,0.001762287,0.020452334,"module(function(newgvn),cgscc(coro-annotation-elide))"
yarpgen_seed_25_-O2.ll,0.001850824,function(sink),cgscc(coro-annotation-elide),0.001799083,0.001753652,0.025252081,"module(function(sink),cgscc(coro-annotation-elide))"
yarpgen_seed_25_-O2.ll,0.001850824,function(sjlj-eh-prepare),cgscc(coro-annotation-elide),0.001799083,0.001760177,0.021625452,"module(function(sjlj-eh-prepare),cgscc(coro-annotation-elide))"
yarpgen_seed_25_-O2.ll,0.001850824,function(slp-vectorizer),cgscc(coro-annotation-elide),0.001799083,0.001733118,0.036665881,"module(function(slp-vectorizer),cgscc(coro-annotation-elide))"
yarpgen_seed_25_-O2.ll,0.001850824,function(slsr),cgscc(coro-annotation-elide),0.001799083,0.001766339,0.018200279,"module(function(slsr),cgscc(coro-annotation-elide))"
yarpgen_seed_25_-O2.ll,0.001850824,function(vector-combine),cgscc(coro-annotation-elide),0.001799083,0.001714926,0.046777482,"module(function(vector-combine),cgscc(coro-annotation-elide))"
yarpgen_seed_25_-O2.ll,0.001850824,function(gvn),cgscc(coro-annotation-elide),0.001799083,0.001779519,0.010874427,"module(function(gvn),cgscc(coro-annotation-elide))"
yarpgen_seed_25_-O2.ll,0.001850824,noinline-nonprevailing,function(aggressive-instcombine),0.001831694,0.001790673,0.022395550,"module(noinline-nonprevailing,function(aggressive-instcombine))"
yarpgen_seed_25_-O2.ll,0.001850824,deadargelim,function(aggressive-instcombine),0.001831694,0.001792399,0.021452963,"module(deadargelim,function(aggressive-instcombine))"
yarpgen_seed_25_-O2.ll,0.001850824,globalopt,function(aggressive-instcombine),0.001831694,0.001781005,0.027673256,"module(globalopt,function(aggressive-instcombine))"
yarpgen_seed_25_-O2.ll,0.001850824,hipstdpar-interpose-alloc,function(aggressive-instcombine),0.001831694,0.001776136,0.030331571,"module(hipstdpar-interpose-alloc,function(aggressive-instcombine))"
yarpgen_seed_25_-O2.ll,0.001850824,hipstdpar-math-fixup,function(aggressive-instcombine),0.001831694,0.001812991,0.010211015,"module(hipstdpar-math-fixup,function(aggressive-instcombine))"
yarpgen_seed_25_-O2.ll,0.001850824,inferattrs,function(aggressive-instcombine),0.001831694,0.001768580,0.034456665,"module(inferattrs,function(aggressive-instcombine))"
yarpgen_seed_25_-O2.ll,0.001850824,lower-global-dtors,function(aggressive-instcombine),0.001831694,0.001797066,0.018905292,"module(lower-global-dtors,function(aggressive-instcombine))"
yarpgen_seed_25_-O2.ll,0.001850824,lower-ifunc,function(aggressive-instcombine),0.001831694,0.001799978,0.017315361,"module(lower-ifunc,function(aggressive-instcombine))"
yarpgen_seed_25_-O2.ll,0.001850824,simplify-type-tests,function(aggressive-instcombine),0.001831694,0.001807972,0.012951044,"module(simplify-type-tests,function(aggressive-instcombine))"
yarpgen_seed_25_-O2.ll,0.001850824,lowertypetests,function(aggressive-instcombine),0.001831694,0.001754066,0.042380586,"module(lowertypetests,function(aggressive-instcombine))"
yarpgen_seed_25_-O2.ll,0.001850824,openmp-opt,function(aggressive-instcombine),0.001831694,0.001809165,0.012299948,"module(openmp-opt,function(aggressive-instcombine))"
yarpgen_seed_25_-O2.ll,0.001850824,openmp-opt-postlink,function(aggressive-instcombine),0.001831694,0.001787118,0.024336422,"module(openmp-opt-postlink,function(aggressive-instcombine))"
yarpgen_seed_25_-O2.ll,0.001850824,partial-inliner,function(aggressive-instcombine),0.001831694,0.001718997,0.061526079,"module(partial-inliner,function(aggressive-instcombine))"
yarpgen_seed_25_-O2.ll,0.001850824,pre-isel-intrinsic-lowering,function(aggressive-instcombine),0.001831694,0.001771138,0.033060488,"module(pre-isel-intrinsic-lowering,function(aggressive-instcombine))"
yarpgen_seed_25_-O2.ll,0.001850824,function(assume-builder),function(aggressive-instcombine),0.001831694,0.001802389,0.015999124,"module(function(assume-builder),function(aggressive-instcombine))"
yarpgen_seed_25_-O2.ll,0.001850824,function(atomic-expand),function(aggressive-instcombine),0.001831694,0.001787022,0.024388698,"module(function(atomic-expand),function(aggressive-instcombine))"
yarpgen_seed_25_-O2.ll,0.001850824,function(bdce),function(aggressive-instcombine),0.001831694,0.001769505,0.033951619,"module(function(bdce),function(aggressive-instcombine))"
yarpgen_seed_25_-O2.ll,0.001850824,function(break-crit-edges),function(aggressive-instcombine),0.001831694,0.001790539,0.022468555,"module(function(break-crit-edges),function(aggressive-instcombine))"
yarpgen_seed_25_-O2.ll,0.001850824,function(callbr-prepare),function(aggressive-instcombine),0.001831694,0.001813064,0.010171207,"module(function(callbr-prepare),function(aggressive-instcombine))"
yarpgen_seed_25_-O2.ll,0.001850824,function(chr),function(aggressive-instcombine),0.001831694,0.001813235,0.010077865,"module(function(chr),function(aggressive-instcombine))"
yarpgen_seed_25_-O2.ll,0.001850824,function(coro-elide),function(aggressive-instcombine),0.001831694,0.001785573,0.025179565,"module(function(coro-elide),function(aggressive-instcombine))"
yarpgen_seed_25_-O2.ll,0.001850824,function(correlated-propagation),function(aggressive-instcombine),0.001831694,0.001812793,0.010319147,"module(function(correlated-propagation),function(aggressive-instcombine))"
yarpgen_seed_25_-O2.ll,0.001850824,function(declare-to-assign),function(aggressive-instcombine),0.001831694,0.001809314,0.012218181,"module(function(declare-to-assign),function(aggressive-instcombine))"
yarpgen_seed_25_-O2.ll,0.001850824,function(dfa-jump-threading),function(aggressive-instcombine),0.001831694,0.001779282,0.028613933,"module(function(dfa-jump-threading),function(aggressive-instcombine))"
yarpgen_seed_25_-O2.ll,0.001850824,function(div-rem-pairs),function(aggressive-instcombine),0.001831694,0.001765819,0.035964380,"module(function(div-rem-pairs),function(aggressive-instcombine))"
yarpgen_seed_25_-O2.ll,0.001850824,function(dse),function(aggressive-instcombine),0.001831694,0.001729067,0.056028826,"module(function(dse),function(aggressive-instcombine))"
yarpgen_seed_25_-O2.ll,0.001850824,function(dwarf-eh-prepare),function(aggressive-instcombine),0.001831694,0.001788187,0.023752315,"module(function(dwarf-eh-prepare),function(aggressive-instcombine))"
yarpgen_seed_25_-O2.ll,0.001850824,function(expand-large-div-rem),function(aggressive-instcombine),0.001831694,0.001792756,0.021258136,"module(function(expand-large-div-rem),function(aggressive-instcombine))"
yarpgen_seed_25_-O2.ll,0.001850824,function(expand-memcmp),function(aggressive-instcombine),0.001831694,0.001765369,0.036209653,"module(function(expand-memcmp),function(aggressive-instcombine))"
yarpgen_seed_25_-O2.ll,0.001850824,function(expand-reductions),function(aggressive-instcombine),0.001831694,0.001759761,0.039271467,"module(function(expand-reductions),function(aggressive-instcombine))"
yarpgen_seed_25_-O2.ll,0.001850824,function(extra-vector-passes),function(aggressive-instcombine),0.001831694,0.001732094,0.054375836,"module(function(extra-vector-passes),function(aggressive-instcombine))"
yarpgen_seed_25_-O2.ll,0.001850824,function(fix-irreducible),function(aggressive-instcombine),0.001831694,0.001772485,0.032324700,"module(function(fix-irreducible),function(aggressive-instcombine))"
yarpgen_seed_25_-O2.ll,0.001850824,function(flatten-cfg),function(aggressive-instcombine),0.001831694,0.001749740,0.044742275,"module(function(flatten-cfg),function(aggressive-instcombine))"
yarpgen_seed_25_-O2.ll,0.001850824,function(loop-simplify),function(aggressive-instcombine),0.001831694,0.001793637,0.020776996,"module(function(loop-simplify),function(aggressive-instcombine))"
yarpgen_seed_25_-O2.ll,0.001850824,function(lower-atomic),function(aggressive-instcombine),0.001831694,0.001757663,0.040416961,"module(function(lower-atomic),function(aggressive-instcombine))"
yarpgen_seed_25_-O2.ll,0.001850824,function(objc-arc-contract),function(aggressive-instcombine),0.001831694,0.001761137,0.038520083,"module(function(objc-arc-contract),function(aggressive-instcombine))"
yarpgen_seed_25_-O2.ll,0.001850824,function(objc-arc-expand),function(aggressive-instcombine),0.001831694,0.001812226,0.010628786,"module(function(objc-arc-expand),function(aggressive-instcombine))"
yarpgen_seed_25_-O2.ll,0.001850824,function(slp-vectorizer),function(aggressive-instcombine),0.001831694,0.001798270,0.018247932,"module(function(slp-vectorizer),function(aggressive-instcombine))"
yarpgen_seed_25_-O2.ll,0.001850824,function(tailcallelim),function(aggressive-instcombine),0.001831694,0.001809437,0.012151197,"module(function(tailcallelim),function(aggressive-instcombine))"
yarpgen_seed_25_-O2.ll,0.001850824,function(transform-warning),function(aggressive-instcombine),0.001831694,0.001792132,0.021598843,"module(function(transform-warning),function(aggressive-instcombine))"
yarpgen_seed_25_-O2.ll,0.001850824,function(wasm-eh-prepare),function(aggressive-instcombine),0.001831694,0.001796055,0.019457141,"module(function(wasm-eh-prepare),function(aggressive-instcombine))"
yarpgen_seed_25_-O2.ll,0.001850824,function(cfguard),function(aggressive-instcombine),0.001831694,0.001805606,0.014242804,"module(function(cfguard),function(aggressive-instcombine))"
yarpgen_seed_25_-O2.ll,0.001850824,function(hardware-loops),function(aggressive-instcombine),0.001831694,0.001810261,0.011701367,"module(function(hardware-loops),function(aggressive-instcombine))"
yarpgen_seed_25_-O2.ll,0.001850824,extract-blocks,function(correlated-propagation),0.001829729,0.001798795,0.016906305,"module(extract-blocks,function(correlated-propagation))"
yarpgen_seed_25_-O2.ll,0.001850824,hipstdpar-interpose-alloc,function(correlated-propagation),0.001829729,0.001807395,0.012206096,"module(hipstdpar-interpose-alloc,function(correlated-propagation))"
yarpgen_seed_25_-O2.ll,0.001850824,globaldce,function(correlated-propagation),0.001829729,0.001808023,0.011863261,"module(globaldce,function(correlated-propagation))"
yarpgen_seed_25_-O2.ll,0.001850824,loop-extract,function(correlated-propagation),0.001829729,0.001781852,0.026166108,"module(loop-extract,function(correlated-propagation))"
yarpgen_seed_25_-O2.ll,0.001850824,cgscc(coro-split),function(correlated-propagation),0.001829729,0.001779852,0.027259343,"module(cgscc(coro-split),function(correlated-propagation))"
yarpgen_seed_25_-O2.ll,0.001850824,function(add-discriminators),function(correlated-propagation),0.001829729,0.001784569,0.024681109,"module(function(add-discriminators),function(correlated-propagation))"
yarpgen_seed_25_-O2.ll,0.001850824,function(aggressive-instcombine),function(correlated-propagation),0.001829729,0.001797363,0.017688994,"module(function(aggressive-instcombine),function(correlated-propagation))"
yarpgen_seed_25_-O2.ll,0.001850824,function(div-rem-pairs),function(correlated-propagation),0.001829729,0.001798217,0.017222342,"module(function(div-rem-pairs),function(correlated-propagation))"
yarpgen_seed_25_-O2.ll,0.001850824,function(kernel-info),function(correlated-propagation),0.001829729,0.001757465,0.039494678,"module(function(kernel-info),function(correlated-propagation))"
yarpgen_seed_25_-O2.ll,0.001850824,function(lcssa),function(correlated-propagation),0.001829729,0.001786936,0.023387909,"module(function(lcssa),function(correlated-propagation))"
yarpgen_seed_25_-O2.ll,0.001850824,function(libcalls-shrinkwrap),function(correlated-propagation),0.001829729,0.001787317,0.023179287,"module(function(libcalls-shrinkwrap),function(correlated-propagation))"
yarpgen_seed_25_-O2.ll,0.001850824,function(loop-versioning),function(correlated-propagation),0.001829729,0.001758549,0.038902185,"module(function(loop-versioning),function(correlated-propagation))"
yarpgen_seed_25_-O2.ll,0.001850824,function(lower-atomic),function(correlated-propagation),0.001829729,0.001757172,0.039654368,"module(function(lower-atomic),function(correlated-propagation))"
yarpgen_seed_25_-O2.ll,0.001850824,function(lower-constant-intrinsics),function(correlated-propagation),0.001829729,0.001800261,0.016105441,"module(function(lower-constant-intrinsics),function(correlated-propagation))"
yarpgen_seed_25_-O2.ll,0.001850824,function(lower-expect),function(correlated-propagation),0.001829729,0.001803838,0.014150560,"module(function(lower-expect),function(correlated-propagation))"
yarpgen_seed_25_-O2.ll,0.001850824,function(lower-guard-intrinsic),function(correlated-propagation),0.001829729,0.001758714,0.038811765,"module(function(lower-guard-intrinsic),function(correlated-propagation))"
yarpgen_seed_25_-O2.ll,0.001850824,function(lower-invoke),function(correlated-propagation),0.001829729,0.001805634,0.013168524,"module(function(lower-invoke),function(correlated-propagation))"
yarpgen_seed_25_-O2.ll,0.001850824,function(lower-switch),function(correlated-propagation),0.001829729,0.001811341,0.010049491,"module(function(lower-switch),function(correlated-propagation))"
yarpgen_seed_25_-O2.ll,0.001850824,function(mergereturn),function(correlated-propagation),0.001829729,0.001808565,0.011566902,"module(function(mergereturn),function(correlated-propagation))"
yarpgen_seed_25_-O2.ll,0.001850824,function(partially-inline-libcalls),function(correlated-propagation),0.001829729,0.001809901,0.010836551,"module(function(partially-inline-libcalls),function(correlated-propagation))"
yarpgen_seed_25_-O2.ll,0.001850824,function(stack-protector),function(correlated-propagation),0.001829729,0.001744071,0.046814728,"module(function(stack-protector),function(correlated-propagation))"
yarpgen_seed_25_-O2.ll,0.001850824,function(gvn),function(correlated-propagation),0.001829729,0.001796709,0.018046368,"module(function(gvn),function(correlated-propagation))"
yarpgen_seed_25_-O2.ll,0.001850824,function(mldst-motion),function(correlated-propagation),0.001829729,0.001766268,0.034683658,"module(function(mldst-motion),function(correlated-propagation))"
yarpgen_seed_25_-O2.ll,0.001850824,function(scalarizer),function(correlated-propagation),0.001829729,0.001807201,0.012312090,"module(function(scalarizer),function(correlated-propagation))"
yarpgen_seed_25_-O2.ll,0.001850824,function(loop(loop-unroll-full)),function(correlated-propagation),0.001829729,0.001802481,0.014892042,"module(function(loop(loop-unroll-full)),function(correlated-propagation))"
yarpgen_seed_25_-O2.ll,0.001850824,coro-cleanup,function(dce),0.001800014,0.001724824,0.041771829,"module(coro-cleanup,function(dce))"
yarpgen_seed_25_-O2.ll,0.001850824,mergefunc,function(dce),0.001800014,0.001765129,0.019380188,"module(mergefunc,function(dce))"
yarpgen_seed_25_-O2.ll,0.001850824,module-inline,function(dce),0.001800014,0.001765149,0.019369111,"module(module-inline,function(dce))"
yarpgen_seed_25_-O2.ll,0.001850824,recompute-globalsaa,function(dce),0.001800014,0.001745348,0.030369537,"module(recompute-globalsaa,function(dce))"
yarpgen_seed_25_-O2.ll,0.001850824,rewrite-symbols,function(dce),0.001800014,0.001773187,0.014903565,"module(rewrite-symbols,function(dce))"
yarpgen_seed_25_-O2.ll,0.001850824,function(loop-simplify),function(dce),0.001800014,0.001734321,0.036496074,"module(function(loop-simplify),function(dce))"
yarpgen_seed_25_-O2.ll,0.001850824,function(lower-switch),function(dce),0.001800014,0.001756997,0.023898311,"module(function(lower-switch),function(dce))"
yarpgen_seed_25_-O2.ll,0.001850824,function(lower-widenable-condition),function(dce),0.001800014,0.001781663,0.010195152,"module(function(lower-widenable-condition),function(dce))"
yarpgen_seed_25_-O2.ll,0.001850824,function(make-guards-explicit),function(dce),0.001800014,0.001754831,0.025101469,"module(function(make-guards-explicit),function(dce))"
yarpgen_seed_25_-O2.ll,0.001850824,function(loop(loop-simplifycfg)),function(dce),0.001800014,0.001758267,0.023192737,"module(function(loop(loop-simplifycfg)),function(dce))"
yarpgen_seed_25_-O2.ll,0.001850824,attributor-light,function(loop-data-prefetch),0.001827597,0.001799083,0.015601945,"module(attributor-light,function(loop-data-prefetch))"
yarpgen_seed_25_-O2.ll,0.001850824,called-value-propagation,function(loop-data-prefetch),0.001827597,0.001756722,0.038780415,"module(called-value-propagation,function(loop-data-prefetch))"
yarpgen_seed_25_-O2.ll,0.001850824,cross-dso-cfi,function(loop-data-prefetch),0.001827597,0.001778562,0.026830066,"module(cross-dso-cfi,function(loop-data-prefetch))"
yarpgen_seed_25_-O2.ll,0.001850824,noinline-nonprevailing,function(loop-data-prefetch),0.001827597,0.001794210,0.018268378,"module(noinline-nonprevailing,function(loop-data-prefetch))"
yarpgen_seed_25_-O2.ll,0.001850824,global-merge-func,function(loop-data-prefetch),0.001827597,0.001808066,0.010686842,"module(global-merge-func,function(loop-data-prefetch))"
yarpgen_seed_25_-O2.ll,0.001850824,function(interleaved-access),function(loop-data-prefetch),0.001827597,0.001791974,0.019491604,"module(function(interleaved-access),function(loop-data-prefetch))"
yarpgen_seed_25_-O2.ll,0.001850824,function(interleaved-load-combine),function(loop-data-prefetch),0.001827597,0.001807411,0.011044730,"module(function(interleaved-load-combine),function(loop-data-prefetch))"
yarpgen_seed_25_-O2.ll,0.001850824,function(libcalls-shrinkwrap),function(loop-data-prefetch),0.001827597,0.001801186,0.014451249,"module(function(libcalls-shrinkwrap),function(loop-data-prefetch))"
yarpgen_seed_25_-O2.ll,0.001850824,function(speculative-execution),function(loop-data-prefetch),0.001827597,0.001707677,0.065616173,"module(function(speculative-execution),function(loop-data-prefetch))"
yarpgen_seed_25_-O2.ll,0.001850824,function(loop(canon-freeze)),function(loop-data-prefetch),0.001827597,0.001790411,0.020346723,"module(function(loop(canon-freeze)),function(loop-data-prefetch))"
yarpgen_seed_25_-O2.ll,0.001850824,function(loop(evl-iv-simplify)),function(loop-data-prefetch),0.001827597,0.001761330,0.036259036,"module(function(loop(evl-iv-simplify)),function(loop-data-prefetch))"
yarpgen_seed_25_-O2.ll,0.001850824,function(loop(guard-widening)),function(loop-data-prefetch),0.001827597,0.001768660,0.032248457,"module(function(loop(guard-widening)),function(loop-data-prefetch))"
yarpgen_seed_25_-O2.ll,0.001850824,function(loop(loop-deletion)),function(loop-data-prefetch),0.001827597,0.001809024,0.010162330,"module(function(loop(loop-deletion)),function(loop-data-prefetch))"
yarpgen_seed_25_-O2.ll,0.001850824,function(loop(loop-idiom)),function(loop-data-prefetch),0.001827597,0.001776199,0.028123216,"module(function(loop(loop-idiom)),function(loop-data-prefetch))"
yarpgen_seed_25_-O2.ll,0.001850824,function(loop(loop-idiom-vectorize)),function(loop-data-prefetch),0.001827597,0.001785250,0.023170589,"module(function(loop(loop-idiom-vectorize)),function(loop-data-prefetch))"
yarpgen_seed_25_-O2.ll,0.001850824,function(loop(loop-instsimplify)),function(loop-data-prefetch),0.001827597,0.001794839,0.017923890,"module(function(loop(loop-instsimplify)),function(loop-data-prefetch))"
yarpgen_seed_25_-O2.ll,0.001850824,function(loop(loop-predication)),function(loop-data-prefetch),0.001827597,0.001764469,0.034541571,"module(function(loop(loop-predication)),function(loop-data-prefetch))"
yarpgen_seed_25_-O2.ll,0.001850824,globalopt,function(loop-simplify),0.001819880,0.001745567,0.040834204,"module(globalopt,function(loop-simplify))"
yarpgen_seed_25_-O2.ll,0.001850824,globalsplit,function(loop-simplify),0.001819880,0.001774284,0.025054549,"module(globalsplit,function(loop-simplify))"
yarpgen_seed_25_-O2.ll,0.001850824,name-anon-globals,function(loop-simplify),0.001819880,0.001790599,0.016089540,"module(name-anon-globals,function(loop-simplify))"
yarpgen_seed_25_-O2.ll,0.001850824,rewrite-symbols,function(loop-simplify),0.001819880,0.001691270,0.070669859,"module(rewrite-symbols,function(loop-simplify))"
yarpgen_seed_25_-O2.ll,0.001850824,scc-oz-module-inliner,function(loop-simplify),0.001819880,0.001798381,0.011813650,"module(scc-oz-module-inliner,function(loop-simplify))"
yarpgen_seed_25_-O2.ll,0.001850824,strip-nonlinetable-debuginfo,function(loop-simplify),0.001819880,0.001789572,0.016654002,"module(strip-nonlinetable-debuginfo,function(loop-simplify))"
yarpgen_seed_25_-O2.ll,0.001850824,wholeprogramdevirt,function(loop-simplify),0.001819880,0.001797150,0.012490238,"module(wholeprogramdevirt,function(loop-simplify))"
yarpgen_seed_25_-O2.ll,0.001850824,globaldce,function(loop-simplify),0.001819880,0.001787319,0.017891805,"module(globaldce,function(loop-simplify))"
yarpgen_seed_25_-O2.ll,0.001850824,function(assume-simplify),function(loop-simplify),0.001819880,0.001777074,0.023521348,"module(function(assume-simplify),function(loop-simplify))"
yarpgen_seed_25_-O2.ll,0.001850824,function(chr),function(loop-simplify),0.001819880,0.001794769,0.013798494,"module(function(chr),function(loop-simplify))"
yarpgen_seed_25_-O2.ll,0.001850824,function(constraint-elimination),function(loop-simplify),0.001819880,0.001790706,0.016030669,"module(function(constraint-elimination),function(loop-simplify))"
yarpgen_seed_25_-O2.ll,0.001850824,function(kernel-info),function(loop-simplify),0.001819880,0.001791233,0.015741324,"module(function(kernel-info),function(loop-simplify))"
yarpgen_seed_25_-O2.ll,0.001850824,function(lcssa),function(loop-simplify),0.001819880,0.001797288,0.012414295,"module(function(lcssa),function(loop-simplify))"
yarpgen_seed_25_-O2.ll,0.001850824,function(libcalls-shrinkwrap),function(loop-simplify),0.001819880,0.001725387,0.051922553,"module(function(libcalls-shrinkwrap),function(loop-simplify))"
yarpgen_seed_25_-O2.ll,0.001850824,function(lower-atomic),function(loop-simplify),0.001819880,0.001800836,0.010464558,"module(function(lower-atomic),function(loop-simplify))"
yarpgen_seed_25_-O2.ll,0.001850824,function(lower-constant-intrinsics),function(loop-simplify),0.001819880,0.001760491,0.032633830,"module(function(lower-constant-intrinsics),function(loop-simplify))"
yarpgen_seed_25_-O2.ll,0.001850824,function(lower-expect),function(loop-simplify),0.001819880,0.001700070,0.065834409,"module(function(lower-expect),function(loop-simplify))"
yarpgen_seed_25_-O2.ll,0.001850824,function(lower-switch),function(loop-simplify),0.001819880,0.001777270,0.023413915,"module(function(lower-switch),function(loop-simplify))"
yarpgen_seed_25_-O2.ll,0.001850824,function(lower-widenable-condition),function(loop-simplify),0.001819880,0.001774964,0.024680999,"module(function(lower-widenable-condition),function(loop-simplify))"
yarpgen_seed_25_-O2.ll,0.001850824,function(make-guards-explicit),function(loop-simplify),0.001819880,0.001748473,0.039237407,"module(function(make-guards-explicit),function(loop-simplify))"
yarpgen_seed_25_-O2.ll,0.001850824,function(mem2reg),function(loop-simplify),0.001819880,0.001801549,0.010072661,"module(function(mem2reg),function(loop-simplify))"
yarpgen_seed_25_-O2.ll,0.001850824,function(newgvn),function(move-auto-init),0.001787619,0.001761370,0.014683911,"module(function(newgvn),function(move-auto-init))"
yarpgen_seed_25_-O2.ll,0.001850824,function(objc-arc),function(move-auto-init),0.001787619,0.001769201,0.010303038,"module(function(objc-arc),function(move-auto-init))"
yarpgen_seed_25_-O2.ll,0.001850824,function(partially-inline-libcalls),function(move-auto-init),0.001787619,0.001765319,0.012474935,"module(function(partially-inline-libcalls),function(move-auto-init))"
yarpgen_seed_25_-O2.ll,0.001850824,function(loop(loop-rotate)),function(move-auto-init),0.001787619,0.001750582,0.020718490,"module(function(loop(loop-rotate)),function(move-auto-init))"
yarpgen_seed_25_-O2.ll,0.001850824,inliner-wrapper-no-mandatory-first,function(separate-const-offset-from-gep),0.001782314,0.001729590,0.029581501,"module(inliner-wrapper-no-mandatory-first,function(separate-const-offset-from-gep))"
yarpgen_seed_25_-O2.ll,0.001850824,strip-nonlinetable-debuginfo,function(separate-const-offset-from-gep),0.001782314,0.001754722,0.015481073,"module(strip-nonlinetable-debuginfo,function(separate-const-offset-from-gep))"
yarpgen_seed_25_-O2.ll,0.001850824,elim-avail-extern,function(unreachableblockelim),0.001814113,0.001749833,0.035433144,"module(elim-avail-extern,function(unreachableblockelim))"
yarpgen_seed_25_-O2.ll,0.001850824,extract-blocks,function(unreachableblockelim),0.001814113,0.001742642,0.039396854,"module(extract-blocks,function(unreachableblockelim))"
yarpgen_seed_25_-O2.ll,0.001850824,forceattrs,function(unreachableblockelim),0.001814113,0.001747981,0.036454153,"module(forceattrs,function(unreachableblockelim))"
yarpgen_seed_25_-O2.ll,0.001850824,function(annotation-remarks),function(unreachableblockelim),0.001814113,0.001757968,0.030948908,"module(function(annotation-remarks),function(unreachableblockelim))"
yarpgen_seed_25_-O2.ll,0.001850824,function(loop-load-elim),function(unreachableblockelim),0.001814113,0.001715073,0.054593991,"module(function(loop-load-elim),function(unreachableblockelim))"
yarpgen_seed_25_-O2.ll,0.001850824,function(loop(loop-predication)),function(unreachableblockelim),0.001814113,0.001788846,0.013927838,"module(function(loop(loop-predication)),function(unreachableblockelim))"
yarpgen_seed_25_-O2.ll,0.001850824,lower-ifunc,function(wasm-eh-prepare),0.001814920,0.001722499,0.050922890,"module(lower-ifunc,function(wasm-eh-prepare))"
yarpgen_seed_25_-O2.ll,0.001850824,simplify-type-tests,function(wasm-eh-prepare),0.001814920,0.001773458,0.022845224,"module(simplify-type-tests,function(wasm-eh-prepare))"
yarpgen_seed_25_-O2.ll,0.001850824,function(expand-large-div-rem),function(wasm-eh-prepare),0.001814920,0.001788899,0.014337385,"module(function(expand-large-div-rem),function(wasm-eh-prepare))"
yarpgen_seed_25_-O2.ll,0.001850824,function(gvn-sink),function(wasm-eh-prepare),0.001814920,0.001723475,0.050385318,"module(function(gvn-sink),function(wasm-eh-prepare))"
yarpgen_seed_25_-O2.ll,0.001850824,function(jump-table-to-switch),function(wasm-eh-prepare),0.001814920,0.001790296,0.013567744,"module(function(jump-table-to-switch),function(wasm-eh-prepare))"
yarpgen_seed_25_-O2.ll,0.001850824,function(newgvn),function(wasm-eh-prepare),0.001814920,0.001765170,0.027411834,"module(function(newgvn),function(wasm-eh-prepare))"
yarpgen_seed_25_-O2.ll,0.001850824,function(redundant-dbg-inst-elim),function(wasm-eh-prepare),0.001814920,0.001775613,0.021658044,"module(function(redundant-dbg-inst-elim),function(wasm-eh-prepare))"
yarpgen_seed_25_-O2.ll,0.001850824,function(sink),function(wasm-eh-prepare),0.001814920,0.001791354,0.012985036,"module(function(sink),function(wasm-eh-prepare))"
yarpgen_seed_25_-O2.ll,0.001850824,function(speculative-execution),function(wasm-eh-prepare),0.001814920,0.001787277,0.015231370,"module(function(speculative-execution),function(wasm-eh-prepare))"
yarpgen_seed_25_-O2.ll,0.001850824,function(win-eh-prepare),function(wasm-eh-prepare),0.001814920,0.001789243,0.014148102,"module(function(win-eh-prepare),function(wasm-eh-prepare))"
yarpgen_seed_25_-O2.ll,0.001850824,dxil-upgrade,function(cfguard),0.001826618,0.001785773,0.022361426,"module(dxil-upgrade,function(cfguard))"
yarpgen_seed_25_-O2.ll,0.001850824,rel-lookup-table-converter,function(cfguard),0.001826618,0.001796976,0.016228250,"module(rel-lookup-table-converter,function(cfguard))"
yarpgen_seed_25_-O2.ll,0.001850824,function(dce),function(cfguard),0.001826618,0.001781696,0.024593244,"module(function(dce),function(cfguard))"
yarpgen_seed_25_-O2.ll,0.001850824,function(flatten-cfg),function(cfguard),0.001826618,0.001807317,0.010566658,"module(function(flatten-cfg),function(cfguard))"
yarpgen_seed_25_-O2.ll,0.001850824,function(indirectbr-expand),function(cfguard),0.001826618,0.001747212,0.043471685,"module(function(indirectbr-expand),function(cfguard))"
yarpgen_seed_25_-O2.ll,0.001850824,function(infer-address-spaces),function(cfguard),0.001826618,0.001728703,0.053604676,"module(function(infer-address-spaces),function(cfguard))"
yarpgen_seed_25_-O2.ll,0.001850824,function(jump-table-to-switch),function(cfguard),0.001826618,0.001797894,0.015725401,"module(function(jump-table-to-switch),function(cfguard))"
yarpgen_seed_25_-O2.ll,0.001850824,function(lower-switch),function(cfguard),0.001826618,0.001804701,0.011999079,"module(function(lower-switch),function(cfguard))"
yarpgen_seed_25_-O2.ll,0.001850824,function(redundant-dbg-inst-elim),function(cfguard),0.001826618,0.001795119,0.017244359,"module(function(redundant-dbg-inst-elim),function(cfguard))"
yarpgen_seed_25_-O2.ll,0.001850824,function(loop-vectorize),function(cfguard),0.001826618,0.001768490,0.031823010,"module(function(loop-vectorize),function(cfguard))"
yarpgen_seed_25_-O2.ll,0.001850824,attributor-light,function(expand-fp),0.001825837,0.001800372,0.013946728,"module(attributor-light,function(expand-fp))"
yarpgen_seed_25_-O2.ll,0.001850824,canonicalize-aliases,function(expand-fp),0.001825837,0.001789433,0.019937836,"module(canonicalize-aliases,function(expand-fp))"
yarpgen_seed_25_-O2.ll,0.001850824,constmerge,function(expand-fp),0.001825837,0.001729646,0.052683137,"module(constmerge,function(expand-fp))"
yarpgen_seed_25_-O2.ll,0.001850824,coro-cleanup,function(expand-fp),0.001825837,0.001722412,0.056644838,"module(coro-cleanup,function(expand-fp))"
yarpgen_seed_25_-O2.ll,0.001850824,rewrite-statepoints-for-gc,function(expand-fp),0.001825837,0.001761832,0.035054940,"module(rewrite-statepoints-for-gc,function(expand-fp))"
yarpgen_seed_25_-O2.ll,0.001850824,ipsccp,function(expand-fp),0.001825837,0.001786168,0.021725994,"module(ipsccp,function(expand-fp))"
yarpgen_seed_25_-O2.ll,0.001850824,loop-extract,function(expand-fp),0.001825837,0.001801161,0.013514509,"module(loop-extract,function(expand-fp))"
yarpgen_seed_25_-O2.ll,0.001850824,cgscc(argpromotion),function(expand-fp),0.001825837,0.001777148,0.026666459,"module(cgscc(argpromotion),function(expand-fp))"
yarpgen_seed_25_-O2.ll,0.001850824,function(callsite-splitting),function(expand-fp),0.001825837,0.001802787,0.012623865,"module(function(callsite-splitting),function(expand-fp))"
yarpgen_seed_25_-O2.ll,0.001850824,function(instsimplify),function(expand-fp),0.001825837,0.001774638,0.028041191,"module(function(instsimplify),function(expand-fp))"
yarpgen_seed_25_-O2.ll,0.001850824,function(load-store-vectorizer),function(expand-fp),0.001825837,0.001779875,0.025173053,"module(function(load-store-vectorizer),function(expand-fp))"
yarpgen_seed_25_-O2.ll,0.001850824,function(lower-constant-intrinsics),function(expand-fp),0.001825837,0.001784686,0.022537632,"module(function(lower-constant-intrinsics),function(expand-fp))"
yarpgen_seed_25_-O2.ll,0.001850824,function(lower-expect),function(expand-fp),0.001825837,0.001780936,0.024591725,"module(function(lower-expect),function(expand-fp))"
yarpgen_seed_25_-O2.ll,0.001850824,function(lower-guard-intrinsic),function(expand-fp),0.001825837,0.001787435,0.021032272,"module(function(lower-guard-intrinsic),function(expand-fp))"
yarpgen_seed_25_-O2.ll,0.001850824,function(objc-arc-expand),function(expand-fp),0.001825837,0.001800562,0.013842806,"module(function(objc-arc-expand),function(expand-fp))"
yarpgen_seed_25_-O2.ll,0.001850824,function(tailcallelim),function(expand-fp),0.001825837,0.001803617,0.012169483,"module(function(tailcallelim),function(expand-fp))"
yarpgen_seed_25_-O2.ll,0.001850824,function(transform-warning),function(expand-fp),0.001825837,0.001800223,0.014028544,"module(function(transform-warning),function(expand-fp))"
yarpgen_seed_25_-O2.ll,0.001850824,function(typepromotion),function(expand-fp),0.001825837,0.001777615,0.026410731,"module(function(typepromotion),function(expand-fp))"
yarpgen_seed_25_-O2.ll,0.001850824,function(ee-instrument),function(expand-fp),0.001825837,0.001780557,0.024799479,"module(function(ee-instrument),function(expand-fp))"
yarpgen_seed_25_-O2.ll,0.001850824,function(speculative-execution),function(expand-fp),0.001825837,0.001807380,0.010108296,"module(function(speculative-execution),function(expand-fp))"
yarpgen_seed_25_-O2.ll,0.001850824,function(loop(loop-idiom-vectorize)),function(expand-fp),0.001825837,0.001791173,0.018985105,"module(function(loop(loop-idiom-vectorize)),function(expand-fp))"
yarpgen_seed_25_-O2.ll,0.001850824,function(loop(loop-reduce)),function(expand-fp),0.001825837,0.001797904,0.015298580,"module(function(loop(loop-reduce)),function(expand-fp))"
yarpgen_seed_25_-O2.ll,0.001850824,function(loop(loop-rotate)),function(expand-fp),0.001825837,0.001792319,0.018357401,"module(function(loop(loop-rotate)),function(expand-fp))"
yarpgen_seed_25_-O2.ll,0.001850824,function(loop(simple-loop-unswitch)),function(expand-fp),0.001825837,0.001748746,0.042221927,"module(function(loop(simple-loop-unswitch)),function(expand-fp))"
yarpgen_seed_25_-O2.ll,0.001850824,lower-ifunc,function(loop(loop-idiom-vectorize)),0.001809317,0.001790832,0.010216806,"module(lower-ifunc,function(loop(loop-idiom-vectorize)))"
yarpgen_seed_25_-O2.ll,0.001850824,shadow-stack-gc-lowering,function(loop(loop-idiom-vectorize)),0.001809317,0.001769451,0.022033611,"module(shadow-stack-gc-lowering,function(loop(loop-idiom-vectorize)))"
yarpgen_seed_25_-O2.ll,0.001850824,function(infer-alignment),function(loop(loop-idiom-vectorize)),0.001809317,0.001775203,0.018854506,"module(function(infer-alignment),function(loop(loop-idiom-vectorize)))"
yarpgen_seed_25_-O2.ll,0.001850824,function(loop(loop-idiom)),function(loop(loop-idiom-vectorize)),0.001809317,0.001767130,0.023316406,"module(function(loop(loop-idiom)),function(loop(loop-idiom-vectorize)))"
yarpgen_seed_25_-O2.ll,0.001850824,scc-oz-module-inliner,function(loop(loop-simplifycfg)),0.001820694,0.001801103,0.010760549,"module(scc-oz-module-inliner,function(loop(loop-simplifycfg)))"
yarpgen_seed_25_-O2.ll,0.001850824,function(jump-table-to-switch),function(loop(loop-simplifycfg)),0.001820694,0.001748515,0.039643950,"module(function(jump-table-to-switch),function(loop(loop-simplifycfg)))"
yarpgen_seed_25_-O2.ll,0.001850824,function(loop-data-prefetch),function(loop(loop-simplifycfg)),0.001820694,0.001790383,0.016648433,"module(function(loop-data-prefetch),function(loop(loop-simplifycfg)))"
yarpgen_seed_25_-O2.ll,0.001850824,function(make-guards-explicit),function(loop(loop-simplifycfg)),0.001820694,0.001739541,0.044572997,"module(function(make-guards-explicit),function(loop(loop-simplifycfg)))"
yarpgen_seed_25_-O2.ll,0.001850824,function(memcpyopt),function(loop(loop-simplifycfg)),0.001820694,0.001802321,0.010091191,"module(function(memcpyopt),function(loop(loop-simplifycfg)))"
yarpgen_seed_25_-O2.ll,0.001850824,function(instcombine),function(loop(loop-simplifycfg)),0.001820694,0.001781333,0.021618770,"module(function(instcombine),function(loop(loop-simplifycfg)))"
yarpgen_seed_25_-O2.ll,0.001850824,function(lower-allow-check),function(loop(loop-simplifycfg)),0.001820694,0.001784440,0.019912372,"module(function(lower-allow-check),function(loop(loop-simplifycfg)))"
yarpgen_seed_25_-O2.ll,0.001850824,function(loop(loop-deletion)),function(loop(loop-simplifycfg)),0.001820694,0.001698833,0.066931469,"module(function(loop(loop-deletion)),function(loop(loop-simplifycfg)))"
yarpgen_seed_25_-O2.ll,0.001850824,function(loop(loop-idiom-vectorize)),function(loop(loop-simplifycfg)),0.001820694,0.001718551,0.056101299,"module(function(loop(loop-idiom-vectorize)),function(loop(loop-simplifycfg)))"
yarpgen_seed_25_-O2.ll,0.001850824,function(loop(loop-instsimplify)),function(loop(loop-simplifycfg)),0.001820694,0.001723268,0.053510390,"module(function(loop(loop-instsimplify)),function(loop(loop-simplifycfg)))"
yarpgen_seed_25_-O2.ll,0.001850824,attributor-light,function(loop(loop-rotate)),0.001823427,0.001757153,0.036345488,"module(attributor-light,function(loop(loop-rotate)))"
yarpgen_seed_25_-O2.ll,0.001850824,canonicalize-aliases,function(loop(loop-rotate)),0.001823427,0.001712812,0.060663046,"module(canonicalize-aliases,function(loop(loop-rotate)))"
yarpgen_seed_25_-O2.ll,0.001850824,coro-cleanup,function(loop(loop-rotate)),0.001823427,0.001787632,0.019630481,"module(coro-cleanup,function(loop(loop-rotate)))"
yarpgen_seed_25_-O2.ll,0.001850824,coro-early,function(loop(loop-rotate)),0.001823427,0.001777997,0.024914381,"module(coro-early,function(loop(loop-rotate)))"
yarpgen_seed_25_-O2.ll,0.001850824,globalopt,function(loop(loop-rotate)),0.001823427,0.001797525,0.014205127,"module(globalopt,function(loop(loop-rotate)))"
yarpgen_seed_25_-O2.ll,0.001850824,hipstdpar-interpose-alloc,function(loop(loop-rotate)),0.001823427,0.001743971,0.043575122,"module(hipstdpar-interpose-alloc,function(loop(loop-rotate)))"
yarpgen_seed_25_-O2.ll,0.001850824,hipstdpar-math-fixup,function(loop(loop-rotate)),0.001823427,0.001767442,0.030703067,"module(hipstdpar-math-fixup,function(loop(loop-rotate)))"
yarpgen_seed_25_-O2.ll,0.001850824,hotcoldsplit,function(loop(loop-rotate)),0.001823427,0.001802654,0.011392229,"module(hotcoldsplit,function(loop(loop-rotate)))"
yarpgen_seed_25_-O2.ll,0.001850824,inliner-wrapper,function(loop(loop-rotate)),0.001823427,0.001793611,0.016351535,"module(inliner-wrapper,function(loop(loop-rotate)))"
yarpgen_seed_25_-O2.ll,0.001850824,jmc-instrumenter,function(loop(loop-rotate)),0.001823427,0.001779642,0.024012571,"module(jmc-instrumenter,function(loop(loop-rotate)))"
yarpgen_seed_25_-O2.ll,0.001850824,lower-global-dtors,function(loop(loop-rotate)),0.001823427,0.001759744,0.034924701,"module(lower-global-dtors,function(loop(loop-rotate)))"
yarpgen_seed_25_-O2.ll,0.001850824,lower-ifunc,function(loop(loop-rotate)),0.001823427,0.001804426,0.010420158,"module(lower-ifunc,function(loop(loop-rotate)))"
yarpgen_seed_25_-O2.ll,0.001850824,simplify-type-tests,function(loop(loop-rotate)),0.001823427,0.001721262,0.056029122,"module(simplify-type-tests,function(loop(loop-rotate)))"
yarpgen_seed_25_-O2.ll,0.001850824,lowertypetests,function(loop(loop-rotate)),0.001823427,0.001759298,0.035169504,"module(lowertypetests,function(loop(loop-rotate)))"
yarpgen_seed_25_-O2.ll,0.001850824,fatlto-cleanup,function(loop(loop-rotate)),0.001823427,0.001724406,0.054304673,"module(fatlto-cleanup,function(loop(loop-rotate)))"
yarpgen_seed_25_-O2.ll,0.001850824,metarenamer,function(loop(loop-rotate)),0.001823427,0.001801676,0.011928616,"module(metarenamer,function(loop(loop-rotate)))"
yarpgen_seed_25_-O2.ll,0.001850824,module-inline,function(loop(loop-rotate)),0.001823427,0.001799875,0.012915974,"module(module-inline,function(loop(loop-rotate)))"
yarpgen_seed_25_-O2.ll,0.001850824,openmp-opt-postlink,function(loop(loop-rotate)),0.001823427,0.001753659,0.038262098,"module(openmp-opt-postlink,function(loop(loop-rotate)))"
yarpgen_seed_25_-O2.ll,0.001850824,partial-inliner,function(loop(loop-rotate)),0.001823427,0.001799687,0.013019247,"module(partial-inliner,function(loop(loop-rotate)))"
yarpgen_seed_25_-O2.ll,0.001850824,pre-isel-intrinsic-lowering,function(loop(loop-rotate)),0.001823427,0.001774646,0.026752018,"module(pre-isel-intrinsic-lowering,function(loop(loop-rotate)))"
yarpgen_seed_25_-O2.ll,0.001850824,recompute-globalsaa,function(loop(loop-rotate)),0.001823427,0.001766345,0.031304887,"module(recompute-globalsaa,function(loop(loop-rotate)))"
yarpgen_seed_25_-O2.ll,0.001850824,rel-lookup-table-converter,function(loop(loop-rotate)),0.001823427,0.001788623,0.019087118,"module(rel-lookup-table-converter,function(loop(loop-rotate)))"
yarpgen_seed_25_-O2.ll,0.001850824,rewrite-symbols,function(loop(loop-rotate)),0.001823427,0.001753812,0.038177893,"module(rewrite-symbols,function(loop(loop-rotate)))"
yarpgen_seed_25_-O2.ll,0.001850824,scc-oz-module-inliner,function(loop(loop-rotate)),0.001823427,0.001756207,0.036864273,"module(scc-oz-module-inliner,function(loop(loop-rotate)))"
yarpgen_seed_25_-O2.ll,0.001850824,strip,function(loop(loop-rotate)),0.001823427,0.001790681,0.017958535,"module(strip,function(loop(loop-rotate)))"
yarpgen_seed_25_-O2.ll,0.001850824,strip-dead-prototypes,function(loop(loop-rotate)),0.001823427,0.001799075,0.013355158,"module(strip-dead-prototypes,function(loop(loop-rotate)))"
yarpgen_seed_25_-O2.ll,0.001850824,strip-nondebug,function(loop(loop-rotate)),0.001823427,0.001800264,0.012702899,"module(strip-nondebug,function(loop(loop-rotate)))"
yarpgen_seed_25_-O2.ll,0.001850824,wholeprogramdevirt,function(loop(loop-rotate)),0.001823427,0.001800988,0.012305732,"module(wholeprogramdevirt,function(loop(loop-rotate)))"
yarpgen_seed_25_-O2.ll,0.001850824,cg-profile,function(loop(loop-rotate)),0.001823427,0.001802930,0.011240583,"module(cg-profile,function(loop(loop-rotate)))"
yarpgen_seed_25_-O2.ll,0.001850824,cgscc(coro-split),function(loop(loop-rotate)),0.001823427,0.001785679,0.020701288,"module(cgscc(coro-split),function(loop(loop-rotate)))"
yarpgen_seed_25_-O2.ll,0.001850824,function(adce),function(loop(loop-rotate)),0.001823427,0.001740130,0.045681322,"module(function(adce),function(loop(loop-rotate)))"
yarpgen_seed_25_-O2.ll,0.001850824,function(atomic-expand),function(loop(loop-rotate)),0.001823427,0.001788563,0.019119630,"module(function(atomic-expand),function(loop(loop-rotate)))"
yarpgen_seed_25_-O2.ll,0.001850824,function(bdce),function(loop(loop-rotate)),0.001823427,0.001704195,0.065389019,"module(function(bdce),function(loop(loop-rotate)))"
yarpgen_seed_25_-O2.ll,0.001850824,function(break-crit-edges),function(loop(loop-rotate)),0.001823427,0.001752036,0.039151813,"module(function(break-crit-edges),function(loop(loop-rotate)))"
yarpgen_seed_25_-O2.ll,0.001850824,function(callbr-prepare),function(loop(loop-rotate)),0.001823427,0.001791872,0.017305004,"module(function(callbr-prepare),function(loop(loop-rotate)))"
yarpgen_seed_25_-O2.ll,0.001850824,function(correlated-propagation),function(loop(loop-rotate)),0.001823427,0.001797499,0.014219068,"module(function(correlated-propagation),function(loop(loop-rotate)))"
yarpgen_seed_25_-O2.ll,0.001850824,function(dce),function(loop(loop-rotate)),0.001823427,0.001756373,0.036773377,"module(function(dce),function(loop(loop-rotate)))"
yarpgen_seed_25_-O2.ll,0.001850824,function(declare-to-assign),function(loop(loop-rotate)),0.001823427,0.001752831,0.038716108,"module(function(declare-to-assign),function(loop(loop-rotate)))"
yarpgen_seed_25_-O2.ll,0.001850824,function(dwarf-eh-prepare),function(loop(loop-rotate)),0.001823427,0.001792650,0.016878790,"module(function(dwarf-eh-prepare),function(loop(loop-rotate)))"
yarpgen_seed_25_-O2.ll,0.001850824,function(expand-large-div-rem),function(loop(loop-rotate)),0.001823427,0.001714541,0.059714902,"module(function(expand-large-div-rem),function(loop(loop-rotate)))"
yarpgen_seed_25_-O2.ll,0.001850824,function(expand-memcmp),function(loop(loop-rotate)),0.001823427,0.001762396,0.033470429,"module(function(expand-memcmp),function(loop(loop-rotate)))"
yarpgen_seed_25_-O2.ll,0.001850824,function(expand-reductions),function(loop(loop-rotate)),0.001823427,0.001801391,0.012085037,"module(function(expand-reductions),function(loop(loop-rotate)))"
yarpgen_seed_25_-O2.ll,0.001850824,function(gc-lowering),function(loop(loop-rotate)),0.001823427,0.001789771,0.018457210,"module(function(gc-lowering),function(loop(loop-rotate)))"
yarpgen_seed_25_-O2.ll,0.001850824,function(loop-data-prefetch),function(loop(loop-rotate)),0.001823427,0.001793589,0.016363652,"module(function(loop-data-prefetch),function(loop(loop-rotate)))"
yarpgen_seed_25_-O2.ll,0.001850824,function(loop-simplify),function(loop(loop-rotate)),0.001823427,0.001776770,0.025587166,"module(function(loop-simplify),function(loop(loop-rotate)))"
yarpgen_seed_25_-O2.ll,0.001850824,function(make-guards-explicit),function(loop(loop-rotate)),0.001823427,0.001721611,0.055837776,"module(function(make-guards-explicit),function(loop(loop-rotate)))"
yarpgen_seed_25_-O2.ll,0.001850824,function(objc-arc),function(loop(loop-rotate)),0.001823427,0.001769269,0.029700832,"module(function(objc-arc),function(loop(loop-rotate)))"
yarpgen_seed_25_-O2.ll,0.001850824,function(redundant-dbg-inst-elim),function(loop(loop-rotate)),0.001823427,0.001795713,0.015198555,"module(function(redundant-dbg-inst-elim),function(loop(loop-rotate)))"
yarpgen_seed_25_-O2.ll,0.001850824,function(unreachableblockelim),function(loop(loop-rotate)),0.001823427,0.001782594,0.022393303,"module(function(unreachableblockelim),function(loop(loop-rotate)))"
yarpgen_seed_25_-O2.ll,0.001850824,function(lower-allow-check),function(loop(loop-rotate)),0.001823427,0.001728716,0.051941297,"module(function(lower-allow-check),function(loop(loop-rotate)))"
yarpgen_seed_25_-O2.ll,0.001850824,function(expand-fp),function(loop(loop-rotate)),0.001823427,0.001792806,0.016792810,"module(function(expand-fp),function(loop(loop-rotate)))"
yarpgen_seed_25_-O2.ll,0.001850824,function(loop(indvars)),function(loop(loop-rotate)),0.001823427,0.001732226,0.050016359,"module(function(loop(indvars)),function(loop(loop-rotate)))"
yarpgen_seed_25_-O2.ll,0.001850824,function(loop(loop-deletion)),function(loop(loop-rotate)),0.001823427,0.001804216,0.010535440,"module(function(loop(loop-deletion)),function(loop(loop-rotate)))"
yarpgen_seed_25_-O2.ll,0.001850824,function(loop(loop-idiom)),function(loop(loop-rotate)),0.001823427,0.001790520,0.018046384,"module(function(loop(loop-idiom)),function(loop(loop-rotate)))"
yarpgen_seed_25_-O2.ll,0.001850824,function(loop(loop-simplifycfg)),function(loop(loop-rotate)),0.001823427,0.001802255,0.011611184,"module(function(loop(loop-simplifycfg)),function(loop(loop-rotate)))"
yarpgen_seed_25_-O2.ll,0.001850824,function(loop(loop-versioning-licm)),function(loop(loop-rotate)),0.001823427,0.001776346,0.025819921,"module(function(loop(loop-versioning-licm)),function(loop(loop-rotate)))"
yarpgen_seed_25_-O2.ll,0.001850824,function(loop(loop-rotate)),function(loop(loop-rotate)),0.001823427,0.001761305,0.034068776,"module(function(loop(loop-rotate)),function(loop(loop-rotate)))"
